id,player_id,team_id,date_started,date_left
1,6923,62,7/1/2016,
2,11579,67,7/1/2016,
3,6826,61,7/1/2016,
4,6899,49,7/1/2016,
5,6430,60,7/1/2016,
6,8443,73,7/1/2016,
7,10059,53,7/1/2016,
8,6924,62,7/1/2016,
9,9954,53,7/1/2016,
10,7170,65,7/1/2016,
11,8343,74,7/1/2016,
12,8271,75,7/1/2016,
13,11614,60,7/1/2016,
14,6335,69,7/1/2016,
15,9061,71,7/1/2016,
16,8019,54,7/1/2016,
17,10029,71,7/1/2016,
18,6125,56,7/1/2016,
19,7437,49,7/1/2016,
20,7369,49,7/1/2016,
21,7331,73,7/1/2016,
22,9816,58,7/1/2016,
23,8605,71,7/1/2016,
24,5988,48,7/1/2016,
25,9932,63,7/1/2016,
26,8536,80,7/1/2016,
27,6476,58,7/1/2016,
28,6095,68,7/1/2016,
29,7905,51,7/1/2016,
30,8058,54,7/1/2016,
31,7111,65,7/1/2016,
32,9052,56,7/1/2016,
33,8199,75,7/1/2016,
34,7997,74,7/1/2016,
35,6096,68,7/1/2016,
36,10167,62,7/1/2016,
37,8063,49,7/1/2016,
38,7224,66,7/1/2016,
39,7849,67,7/1/2016,
40,7560,50,7/1/2016,
41,8804,74,7/1/2016,
42,6453,60,7/1/2016,
43,7805,66,7/1/2016,
44,6742,72,7/1/2016,
45,7171,48,7/1/2016,
46,6293,69,7/1/2016,
47,7133,65,7/1/2016,
48,6431,60,7/1/2016,
49,9961,51,7/1/2016,
50,9881,64,7/1/2016,
51,9607,72,7/1/2016,
52,8644,67,7/1/2016,
53,6864,61,7/1/2016,
54,7702,70,7/1/2016,
55,9955,53,7/1/2016,
56,7240,61,7/1/2016,
57,8420,78,7/1/2016,
58,7975,78,7/1/2016,
59,6296,69,7/1/2016,
60,7232,52,7/1/2016,
61,7462,63,7/1/2016,
62,6512,57,7/1/2016,
63,7920,58,7/1/2016,
64,8248,75,7/1/2016,
65,8475,80,7/1/2016,
66,7962,74,7/1/2016,
67,8321,79,7/1/2016,
68,8518,65,7/1/2016,
69,11623,59,7/1/2016,
70,7780,71,7/1/2016,
71,6076,68,7/1/2016,
72,6626,61,7/1/2016,
73,7320,73,7/1/2016,
74,6734,52,7/1/2016,
75,8782,55,7/1/2016,
76,8292,79,7/1/2016,
77,9001,78,7/1/2016,
78,6991,70,7/1/2016,
79,8617,60,7/1/2016,
80,7463,66,7/1/2016,
81,10068,71,7/1/2016,
82,8008,60,7/1/2016,
83,8013,54,7/1/2016,
84,9858,61,7/1/2016,
85,7877,73,7/1/2016,
86,6578,58,7/1/2016,
87,7518,63,7/1/2016,
88,6789,72,7/1/2016,
89,6967,70,7/1/2016,
90,8537,80,7/1/2016,
91,6790,60,7/1/2016,
92,6818,60,7/1/2016,
93,6084,76,7/1/2016,
94,8064,54,7/1/2016,
95,6418,67,7/1/2016,
96,8519,74,7/1/2016,
97,8787,55,7/1/2016,
98,9781,60,7/1/2016,
99,6657,52,7/1/2016,
100,6085,68,7/1/2016,
101,7746,53,7/1/2016,
102,8397,78,7/1/2016,
103,6827,61,7/1/2016,
104,8102,59,7/1/2016,
105,9945,70,7/1/2016,
106,6384,60,7/1/2016,
107,8433,78,7/1/2016,
108,6303,69,7/1/2016,
109,6564,75,7/1/2016,
110,7190,66,7/1/2016,
111,6396,50,7/1/2016,
112,8322,79,7/1/2016,
113,6358,69,7/1/2016,
114,7814,53,7/1/2016,
115,6468,57,7/1/2016,
116,7358,73,7/1/2016,
117,6304,69,7/1/2016,
118,8453,78,7/1/2016,
119,6003,76,7/1/2016,
120,6170,56,7/1/2016,
121,6744,72,7/1/2016,
122,11547,51,7/1/2016,
123,8352,55,7/1/2016,
124,8689,67,7/1/2016,
125,10007,78,7/1/2016,
126,8168,67,7/1/2016,
127,7540,48,7/1/2016,
128,7552,50,7/1/2016,
129,7005,64,7/1/2016,
130,10058,58,7/1/2016,
131,7553,50,7/1/2016,
132,8386,61,7/1/2016,
133,9849,72,7/1/2016,
134,7180,66,7/1/2016,
135,9996,75,7/1/2016,
136,7481,51,7/1/2016,
137,6366,69,7/1/2016,
138,7821,59,7/1/2016,
139,7072,64,7/1/2016,
140,10060,51,7/1/2016,
141,8435,78,7/1/2016,
142,9797,57,7/1/2016,
143,8077,60,7/1/2016,
144,10013,79,7/1/2016,
145,6135,56,7/1/2016,
146,9770,69,7/1/2016,
147,6968,78,7/1/2016,
148,8009,63,7/1/2016,
149,6265,54,7/1/2016,
150,7549,50,7/1/2016,
151,8065,54,7/1/2016,
152,7602,50,7/1/2016,
153,7225,49,7/1/2016,
154,7359,76,7/1/2016,
155,8570,71,7/1/2016,
156,9782,60,7/1/2016,
157,9783,60,7/1/2016,
158,7095,65,7/1/2016,
159,7722,70,7/1/2016,
160,8805,55,7/1/2016,
161,7641,70,7/1/2016,
162,9868,62,7/1/2016,
163,6707,53,7/1/2016,
164,9937,50,7/1/2016,
165,8478,80,7/1/2016,
166,8444,78,7/1/2016,
167,8511,80,7/1/2016,
168,7788,53,7/1/2016,
169,8436,78,7/1/2016,
170,6272,54,7/1/2016,
171,6190,54,7/1/2016,
172,9933,63,7/1/2016,
173,9837,52,7/1/2016,
174,8109,59,7/1/2016,
175,6171,51,7/1/2016,
176,7806,57,7/1/2016,
177,6306,69,7/1/2016,
178,9065,60,7/1/2016,
179,5944,76,7/1/2016,
180,9997,75,7/1/2016,
181,5945,76,7/1/2016,
182,7822,53,7/1/2016,
183,9601,55,7/1/2016,
184,8466,80,7/1/2016,
185,7599,50,7/1/2016,
186,6266,48,7/1/2016,
187,7259,48,7/1/2016,
188,8698,48,7/1/2016,
189,6814,55,7/1/2016,
190,8538,76,7/1/2016,
191,6256,48,7/1/2016,
192,6603,61,7/1/2016,
193,6658,52,7/1/2016,
194,6111,68,7/1/2016,
195,8853,76,7/1/2016,
196,6012,76,7/1/2016,
197,10008,78,7/1/2016,
198,9784,60,7/1/2016,
199,7087,57,7/1/2016,
200,7061,64,7/1/2016,
201,10009,78,7/1/2016,
202,6521,57,7/1/2016,
203,6469,57,7/1/2016,
204,9869,51,7/1/2016,
205,8359,58,7/1/2016,
206,6992,62,7/1/2016,
207,9991,59,7/1/2016,
208,9962,51,7/1/2016,
209,6748,75,7/1/2016,
210,6832,61,7/1/2016,
211,8030,54,7/1/2016,
212,9785,60,7/1/2016,
213,7723,61,7/1/2016,
214,8376,48,7/1/2016,
215,7928,52,7/1/2016,
216,6889,61,7/1/2016,
217,7162,65,7/1/2016,
218,8249,49,7/1/2016,
219,6127,75,7/1/2016,
220,7622,50,7/1/2016,
221,9771,69,7/1/2016,
222,10040,67,7/1/2016,
223,6879,61,7/1/2016,
224,9772,69,7/1/2016,
225,7724,70,7/1/2016,
226,7554,70,7/1/2016,
227,9973,74,7/1/2016,
228,6443,60,7/1/2016,
229,7388,49,7/1/2016,
230,6128,56,7/1/2016,
231,5976,76,7/1/2016,
232,9740,68,7/1/2016,
233,6639,58,7/1/2016,
234,9569,56,7/1/2016,
235,6613,58,7/1/2016,
236,6900,61,7/1/2016,
237,6378,60,7/1/2016,
238,6289,48,7/1/2016,
239,6719,52,7/1/2016,
240,7916,74,7/1/2016,
241,8424,78,7/1/2016,
242,8245,75,7/1/2016,
243,7987,74,7/1/2016,
244,8398,55,7/1/2016,
245,8078,54,7/1/2016,
246,9927,49,7/1/2016,
247,8607,51,7/1/2016,
248,6522,65,7/1/2016,
249,8690,67,7/1/2016,
250,9773,69,7/1/2016,
251,7797,53,7/1/2016,
252,6202,67,7/1/2016,
253,6020,76,7/1/2016,
254,7321,51,7/1/2016,
255,8031,54,7/1/2016,
256,8399,78,7/1/2016,
257,8361,79,7/1/2016,
258,7275,73,7/1/2016,
259,7668,61,7/1/2016,
260,6257,61,7/1/2016,
261,7988,49,7/1/2016,
262,9719,75,7/1/2016,
263,8140,59,7/1/2016,
264,5955,48,7/1/2016,
265,10067,80,7/1/2016,
266,7636,50,7/1/2016,
267,6730,52,7/1/2016,
268,6720,52,7/1/2016,
269,8323,79,7/1/2016,
270,9871,62,7/1/2016,
271,6506,57,7/1/2016,
272,6228,48,7/1/2016,
273,6069,68,7/1/2016,
274,8188,75,7/1/2016,
275,8821,62,7/1/2016,
276,7063,64,7/1/2016,
277,8111,59,7/1/2016,
278,6926,62,7/1/2016,
279,6274,59,7/1/2016,
280,7519,63,7/1/2016,
281,7144,65,7/1/2016,
282,7654,70,7/1/2016,
283,9819,58,7/1/2016,
284,7418,48,7/1/2016,
285,7530,50,7/1/2016,
286,6367,69,7/1/2016,
287,6027,68,7/1/2016,
288,10014,79,7/1/2016,
289,6097,68,7/1/2016,
290,7609,58,7/1/2016,
291,7815,53,7/1/2016,
292,9574,52,7/1/2016,
293,7251,66,7/1/2016,
294,8788,55,7/1/2016,
295,7287,73,7/1/2016,
296,8627,71,7/1/2016,
297,9972,74,7/1/2016,
298,8487,62,7/1/2016,
299,7656,70,7/1/2016,
300,7929,74,7/1/2016,
301,7345,76,7/1/2016,
302,9691,80,7/1/2016,
303,6599,58,7/1/2016,
304,6880,61,7/1/2016,
305,9801,57,7/1/2016,
306,9750,56,7/1/2016,
307,11616,80,7/1/2016,
308,8731,55,7/1/2016,
309,7052,64,7/1/2016,
310,11378,74,7/1/2016,
311,8052,54,7/1/2016,
312,8713,67,7/1/2016,
313,8344,79,7/1/2016,
314,7930,74,7/1/2016,
315,10049,55,7/1/2016,
316,6690,52,7/1/2016,
317,6691,52,7/1/2016,
318,9946,70,7/1/2016,
319,7503,63,7/1/2016,
320,7047,72,7/1/2016,
321,6916,62,7/1/2016,
322,7896,65,7/1/2016,
323,8450,78,7/1/2016,
324,6997,62,7/1/2016,
325,10033,71,7/1/2016,
326,8744,55,7/1/2016,
327,6558,58,7/1/2016,
328,7748,53,7/1/2016,
329,8467,80,7/1/2016,
330,8053,54,7/1/2016,
331,7064,64,7/1/2016,
332,6376,60,7/1/2016,
333,7261,66,7/1/2016,
334,6464,57,7/1/2016,
335,8175,59,7/1/2016,
336,7272,54,7/1/2016,
337,6959,62,7/1/2016,
338,9724,55,7/1/2016,
339,6614,57,7/1/2016,
340,6275,48,7/1/2016,
341,6258,48,7/1/2016,
342,7737,53,7/1/2016,
343,8608,71,7/1/2016,
344,8260,78,7/1/2016,
345,8539,80,7/1/2016,
346,7887,58,7/1/2016,
347,7749,75,7/1/2016,
348,7851,51,7/1/2016,
349,7276,73,7/1/2016,
350,8377,78,7/1/2016,
351,7228,52,7/1/2016,
352,9992,59,7/1/2016,
353,6348,69,7/1/2016,
354,6791,72,7/1/2016,
355,9872,62,7/1/2016,
356,8401,55,7/1/2016,
357,7165,65,7/1/2016,
358,7439,56,7/1/2016,
359,7694,70,7/1/2016,
360,8460,78,7/1/2016,
361,6523,57,7/1/2016,
362,9903,66,7/1/2016,
363,7837,51,7/1/2016,
364,8589,69,7/1/2016,
365,8896,64,7/1/2016,
366,6534,57,7/1/2016,
367,7065,64,7/1/2016,
368,7574,72,7/1/2016,
369,6627,75,7/1/2016,
370,9820,58,7/1/2016,
371,7559,50,7/1/2016,
372,8425,78,7/1/2016,
373,6316,69,7/1/2016,
374,6891,61,7/1/2016,
375,7471,63,7/1/2016,
376,9882,64,7/1/2016,
377,6032,68,7/1/2016,
378,7715,70,7/1/2016,
379,9669,56,7/1/2016,
380,11657,69,7/1/2016,
381,9725,55,7/1/2016,
382,10042,67,7/1/2016,
383,8512,80,7/1/2016,
384,7758,53,7/1/2016,
385,9873,62,7/1/2016,
386,7104,65,7/1/2016,
387,8431,78,7/1/2016,
388,6805,72,7/1/2016,
389,8652,67,7/1/2016,
390,7878,48,7/1/2016,
391,7112,65,7/1/2016,
392,9694,49,7/1/2016,
393,6559,78,7/1/2016,
394,6172,56,7/1/2016,
395,6649,52,7/1/2016,
396,8745,55,7/1/2016,
397,6507,57,7/1/2016,
398,6424,64,7/1/2016,
399,8153,59,7/1/2016,
400,6087,52,7/1/2016,
401,8251,75,7/1/2016,
402,6338,69,7/1/2016,
403,7603,80,7/1/2016,
404,7629,50,7/1/2016,
405,6845,61,7/1/2016,
406,7704,70,7/1/2016,
407,7564,50,7/1/2016,
408,6692,65,7/1/2016,
409,7963,74,7/1/2016,
410,6486,57,7/1/2016,
411,6191,56,7/1/2016,
412,7705,70,7/1/2016,
413,5937,76,7/1/2016,
414,10015,79,7/1/2016,
415,9839,52,7/1/2016,
416,11548,71,7/1/2016,
417,6970,62,7/1/2016,
418,11502,66,7/1/2016,
419,7969,74,7/1/2016,
420,7482,63,7/1/2016,
421,8233,75,7/1/2016,
422,7838,51,7/1/2016,
423,9804,57,7/1/2016,
424,8032,54,7/1/2016,
425,9883,64,7/1/2016,
426,6668,52,7/1/2016,
427,7906,76,7/1/2016,
428,7263,55,7/1/2016,
429,9874,62,7/1/2016,
430,8562,71,7/1/2016,
431,8619,55,7/1/2016,
432,7541,63,7/1/2016,
433,9875,62,7/1/2016,
434,8513,70,7/1/2016,
435,6377,60,7/1/2016,
436,9728,65,7/1/2016,
437,6660,79,7/1/2016,
438,9998,75,7/1/2016,
439,8665,67,7/1/2016,
440,7412,49,7/1/2016,
441,9805,57,7/1/2016,
442,5956,76,7/1/2016,
443,6212,48,7/1/2016,
444,9892,65,7/1/2016,
445,7024,64,7/1/2016,
446,5946,76,7/1/2016,
447,7826,51,7/1/2016,
448,6114,56,7/1/2016,
449,7113,70,7/1/2016,
450,7610,50,7/1/2016,
451,8262,75,7/1/2016,
452,6525,57,7/1/2016,
453,7595,50,7/1/2016,
454,9788,60,7/1/2016,
455,5947,50,7/1/2016,
456,8463,73,7/1/2016,
457,7911,51,7/1/2016,
458,8817,63,7/1/2016,
459,7332,73,7/1/2016,
460,9918,80,7/1/2016,
461,6119,72,7/1/2016,
462,9584,59,7/1/2016,
463,6379,51,7/1/2016,
464,7006,49,7/1/2016,
465,9938,50,7/1/2016,
466,6434,55,7/1/2016,
467,6750,72,7/1/2016,
468,8649,67,7/1/2016,
469,7229,66,7/1/2016,
470,11574,80,7/1/2016,
471,7452,49,7/1/2016,
472,9840,52,7/1/2016,
473,6028,68,7/1/2016,
474,7146,60,7/1/2016,
475,8904,68,7/1/2016,
476,7612,50,7/1/2016,
477,7473,63,7/1/2016,
478,5991,76,7/1/2016,
479,10050,55,7/1/2016,
480,6444,60,7/1/2016,
481,9884,64,7/1/2016,
482,6309,69,7/1/2016,
483,8373,78,7/1/2016,
484,6567,68,7/1/2016,
485,6708,52,7/1/2016,
486,6625,58,7/1/2016,
487,8529,80,7/1/2016,
488,7346,73,7/1/2016,
489,6371,69,7/1/2016,
490,8746,55,7/1/2016,
491,6770,68,7/1/2016,
492,7551,50,7/1/2016,
493,8154,55,7/1/2016,
494,7446,48,7/1/2016,
495,8211,75,7/1/2016,
496,11580,72,7/1/2016,
497,6290,48,7/1/2016,
498,8170,59,7/1/2016,
499,7172,65,7/1/2016,
500,8592,71,7/1/2016,
501,6508,57,7/1/2016,
502,6628,59,7/1/2016,
503,7907,51,7/1/2016,
504,7370,48,7/1/2016,
505,6136,56,7/1/2016,
506,6276,48,7/1/2016,
507,6310,69,7/1/2016,
508,6629,66,7/1/2016,
509,6349,71,7/1/2016,
510,6445,60,7/1/2016,
511,8548,71,7/1/2016,
512,9919,80,7/1/2016,
513,5948,76,7/1/2016,
514,8177,59,7/1/2016,
515,6426,60,7/1/2016,
516,8812,68,7/1/2016,
517,8783,55,7/1/2016,
518,8067,54,7/1/2016,
519,8701,76,7/1/2016,
520,6070,68,7/1/2016,
521,9956,53,7/1/2016,
522,6984,62,7/1/2016,
523,8112,68,7/1/2016,
524,6216,48,7/1/2016,
525,8195,75,7/1/2016,
526,7096,65,7/1/2016,
527,7638,50,7/1/2016,
528,9851,72,7/1/2016,
529,6460,53,7/1/2016,
530,8068,54,7/1/2016,
531,6277,48,7/1/2016,
532,8305,79,7/1/2016,
533,7185,66,7/1/2016,
534,9929,49,7/1/2016,
535,8747,55,7/1/2016,
536,7252,66,7/1/2016,
537,6230,49,7/1/2016,
538,6477,57,7/1/2016,
539,8212,59,7/1/2016,
540,9893,65,7/1/2016,
541,6762,72,7/1/2016,
542,8655,54,7/1/2016,
543,7195,66,7/1/2016,
544,7520,63,7/1/2016,
545,6694,52,7/1/2016,
546,8871,76,7/1/2016,
547,7505,63,7/1/2016,
548,8723,69,7/1/2016,
549,7026,64,7/1/2016,
550,8732,58,7/1/2016,
551,9920,80,7/1/2016,
552,8402,59,7/1/2016,
553,7440,71,7/1/2016,
554,7007,64,7/1/2016,
555,7596,50,7/1/2016,
556,9765,48,7/1/2016,
557,7575,50,7/1/2016,
558,10055,54,7/1/2016,
559,6961,62,7/1/2016,
560,6985,62,7/1/2016,
561,5978,76,7/1/2016,
562,8469,80,7/1/2016,
563,6165,56,7/1/2016,
564,7173,65,7/1/2016,
565,6630,58,7/1/2016,
566,6071,68,7/1/2016,
567,8521,80,7/1/2016,
568,7076,64,7/1/2016,
569,7333,73,7/1/2016,
570,8807,55,7/1/2016,
571,9789,60,7/1/2016,
572,6536,53,7/1/2016,
573,9974,74,7/1/2016,
574,6478,59,7/1/2016,
575,6260,79,7/1/2016,
576,10066,50,7/1/2016,
577,7202,58,7/1/2016,
578,8756,78,7/1/2016,
579,7791,53,7/1/2016,
580,7203,61,7/1/2016,
581,6036,68,7/1/2016,
582,9993,59,7/1/2016,
583,10034,71,7/1/2016,
584,8489,80,7/1/2016,
585,7630,50,7/1/2016,
586,8422,78,7/1/2016,
587,7567,78,7/1/2016,
588,6368,70,7/1/2016,
589,7542,63,7/1/2016,
590,6806,72,7/1/2016,
591,7888,51,7/1/2016,
592,7298,73,7/1/2016,
593,9948,70,7/1/2016,
594,7464,78,7/1/2016,
595,7752,53,7/1/2016,
596,10166,55,7/1/2016,
597,7882,53,7/1/2016,
598,8156,59,7/1/2016,
599,8054,78,7/1/2016,
600,9729,76,7/1/2016,
601,6217,48,7/1/2016,
602,8369,79,7/1/2016,
603,6526,68,7/1/2016,
604,6570,58,7/1/2016,
605,9876,62,7/1/2016,
606,7991,74,7/1/2016,
607,8506,80,7/1/2016,
608,6986,75,7/1/2016,
609,6731,52,7/1/2016,
610,9885,64,7/1/2016,
611,7979,74,7/1/2016,
612,9921,80,7/1/2016,
613,7889,51,7/1/2016,
614,7181,66,7/1/2016,
615,10043,67,7/1/2016,
616,9999,75,7/1/2016,
617,7799,53,7/1/2016,
618,6037,56,7/1/2016,
619,6763,72,7/1/2016,
620,7426,49,7/1/2016,
621,6470,57,7/1/2016,
622,8145,59,7/1/2016,
623,8113,59,7/1/2016,
624,7690,60,7/1/2016,
625,8070,54,7/1/2016,
626,9922,80,7/1/2016,
627,9823,58,7/1/2016,
628,7613,50,7/1/2016,
629,7646,70,7/1/2016,
630,9582,66,7/1/2016,
631,6471,57,7/1/2016,
632,7669,70,7/1/2016,
633,7460,63,7/1/2016,
634,6537,80,7/1/2016,
635,9910,73,7/1/2016,
636,6745,75,7/1/2016,
637,7105,65,7/1/2016,
638,6709,52,7/1/2016,
639,7521,78,7/1/2016,
640,6218,50,7/1/2016,
641,10098,58,7/1/2016,
642,7935,74,7/1/2016,
643,10056,58,7/1/2016,
644,9975,74,7/1/2016,
645,7234,55,7/1/2016,
646,9741,68,7/1/2016,
647,7013,64,7/1/2016,
648,7731,55,7/1/2016,
649,6339,69,7/1/2016,
650,7254,66,7/1/2016,
651,7336,73,7/1/2016,
652,6419,60,7/1/2016,
653,9790,60,7/1/2016,
654,7324,73,7/1/2016,
655,9791,60,7/1/2016,
656,9825,58,7/1/2016,
657,9695,49,7/1/2016,
658,7873,51,7/1/2016,
659,7002,60,7/1/2016,
660,8026,71,7/1/2016,
661,8720,56,7/1/2016,
662,6249,48,7/1/2016,
663,7136,53,7/1/2016,
664,6604,71,7/1/2016,
665,7427,49,7/1/2016,
666,7710,48,7/1/2016,
667,8565,71,7/1/2016,
668,6912,62,7/1/2016,
669,7739,64,7/1/2016,
670,6509,57,7/1/2016,
671,7506,63,7/1/2016,
672,8656,48,7/1/2016,
673,10063,53,7/1/2016,
674,7196,66,7/1/2016,
675,6446,60,7/1/2016,
676,8381,78,7/1/2016,
677,6989,62,7/1/2016,
678,6866,61,7/1/2016,
679,6901,48,7/1/2016,
680,8813,55,7/1/2016,
681,6544,57,7/1/2016,
682,7647,70,7/1/2016,
683,8253,75,7/1/2016,
684,8204,75,7/1/2016,
685,10065,55,7/1/2016,
686,8345,74,7/1/2016,
687,7330,52,7/1/2016,
688,6105,68,7/1/2016,
689,7830,66,7/1/2016,
690,11617,78,7/1/2016,
691,9904,66,7/1/2016,
692,6181,61,7/1/2016,
693,11505,74,7/1/2016,
694,8748,55,7/1/2016,
695,10093,62,7/1/2016,
696,7151,65,7/1/2016,
697,5992,65,7/1/2016,
698,7077,64,7/1/2016,
699,6780,66,7/1/2016,
700,6072,68,7/1/2016,
701,8566,71,7/1/2016,
702,9976,74,7/1/2016,
703,8120,59,7/1/2016,
704,8553,71,7/1/2016,
705,7073,65,7/1/2016,
706,8003,74,7/1/2016,
707,6930,62,7/1/2016,
708,9852,72,7/1/2016,
709,6079,68,7/1/2016,
710,8778,55,7/1/2016,
711,10020,79,7/1/2016,
712,6015,76,7/1/2016,
713,6386,60,7/1/2016,
714,7792,55,7/1/2016,
715,8531,53,7/1/2016,
716,6420,73,7/1/2016,
717,7428,49,7/1/2016,
718,7700,79,7/1/2016,
719,9965,51,7/1/2016,
720,8086,54,7/1/2016,
721,7740,53,7/1/2016,
722,6166,56,7/1/2016,
723,8426,78,7/1/2016,
724,7106,67,7/1/2016,
725,7420,51,7/1/2016,
726,7651,71,7/1/2016,
727,7152,58,7/1/2016,
728,7474,63,7/1/2016,
729,6340,69,7/1/2016,
730,8851,76,7/1/2016,
731,5940,76,7/1/2016,
732,8213,59,7/1/2016,
733,7337,73,7/1/2016,
734,8451,78,7/1/2016,
735,6902,80,7/1/2016,
736,8814,79,7/1/2016,
737,9605,66,7/1/2016,
738,7074,64,7/1/2016,
739,8622,69,7/1/2016,
740,6510,57,7/1/2016,
741,6016,67,7/1/2016,
742,6793,59,7/1/2016,
743,7514,63,7/1/2016,
744,8532,80,7/1/2016,
745,6560,58,7/1/2016,
746,7235,66,7/1/2016,
747,6538,57,7/1/2016,
748,7137,65,7/1/2016,
749,6721,52,7/1/2016,
750,9766,48,7/1/2016,
751,7597,76,7/1/2016,
752,7600,78,7/1/2016,
753,9911,73,7/1/2016,
754,6435,60,7/1/2016,
755,6369,69,7/1/2016,
756,9939,50,7/1/2016,
757,8693,67,7/1/2016,
758,6957,62,7/1/2016,
759,9742,68,7/1/2016,
760,7447,64,7/1/2016,
761,8157,71,7/1/2016,
762,8158,59,7/1/2016,
763,6867,49,7/1/2016,
764,9940,50,7/1/2016,
765,6038,68,7/1/2016,
766,8098,59,7/1/2016,
767,6479,61,7/1/2016,
768,8736,55,7/1/2016,
769,7448,49,7/1/2016,
770,7890,51,7/1/2016,
771,7923,74,7/1/2016,
772,6017,60,7/1/2016,
773,7691,70,7/1/2016,
774,11503,80,7/1/2016,
775,7075,64,7/1/2016,
776,9977,74,7/1/2016,
777,7515,63,7/1/2016,
778,8534,80,7/1/2016,
779,9753,56,7/1/2016,
780,6123,56,7/1/2016,
781,8374,78,7/1/2016,
782,11504,64,7/1/2016,
783,9667,56,7/1/2016,
784,9934,63,7/1/2016,
785,8295,79,7/1/2016,
786,8464,80,7/1/2016,
787,11660,51,7/1/2016,
788,7299,73,7/1/2016,
789,10051,55,7/1/2016,
790,7523,63,7/1/2016,
791,8490,80,7/1/2016,
792,8072,54,7/1/2016,
793,7801,53,7/1/2016,
794,6545,70,7/1/2016,
795,7842,78,7/1/2016,
796,7142,65,7/1/2016,
797,11309,62,7/1/2016,
798,8794,55,7/1/2016,
799,9826,58,7/1/2016,
800,8612,71,7/1/2016,
801,6786,72,7/1/2016,
802,9862,61,7/1/2016,
803,9827,58,7/1/2016,
804,7632,50,7/1/2016,
805,9843,65,7/1/2016,
806,8567,53,7/1/2016,
807,6539,57,7/1/2016,
808,6616,58,7/1/2016,
809,6351,69,7/1/2016,
810,8694,67,7/1/2016,
811,7205,66,7/1/2016,
812,11624,72,7/1/2016,
813,6487,57,7/1/2016,
814,6617,70,7/1/2016,
815,6352,69,7/1/2016,
816,6921,70,7/1/2016,
817,9792,60,7/1/2016,
818,6918,62,7/1/2016,
819,7569,57,7/1/2016,
820,10035,71,7/1/2016,
821,8276,75,7/1/2016,
822,10089,70,7/1/2016,
823,6528,63,7/1/2016,
824,10001,75,7/1/2016,
825,7380,49,7/1/2016,
826,8353,79,7/1/2016,
827,6380,60,7/1/2016,
828,7134,65,7/1/2016,
829,10052,55,7/1/2016,
830,9698,70,7/1/2016,
831,5941,60,7/1/2016,
832,9978,74,7/1/2016,
833,6751,72,7/1/2016,
834,8522,70,7/1/2016,
835,6712,52,7/1/2016,
836,6696,52,7/1/2016,
837,6893,61,7/1/2016,
838,9572,48,7/1/2016,
839,10061,60,7/1/2016,
840,9966,51,7/1/2016,
841,7027,61,7/1/2016,
842,7197,66,7/1/2016,
843,6713,52,7/1/2016,
844,8437,51,7/1/2016,
845,6488,50,7/1/2016,
846,6193,56,7/1/2016,
847,6882,61,7/1/2016,
848,6220,48,7/1/2016,
849,7557,50,7/1/2016,
850,6194,56,7/1/2016,
851,7206,66,7/1/2016,
852,9957,53,7/1/2016,
853,9949,70,7/1/2016,
854,6540,56,7/1/2016,
855,7468,63,7/1/2016,
856,7381,49,7/1/2016,
857,9923,80,7/1/2016,
858,8240,75,7/1/2016,
859,8296,79,7/1/2016,
860,8060,54,7/1/2016,
861,8507,50,7/1/2016,
862,8508,80,7/1/2016,
863,6344,69,7/1/2016,
864,9828,58,7/1/2016,
865,6345,69,7/1/2016,
866,7174,75,7/1/2016,
867,9877,62,7/1/2016,
868,9930,49,7/1/2016,
869,7093,65,7/1/2016,
870,10054,70,7/1/2016,
871,8438,78,7/1/2016,
872,8523,71,7/1/2016,
873,9853,72,7/1/2016,
874,7981,74,7/1/2016,
875,7293,73,7/1/2016,
876,6120,79,7/1/2016,
877,8264,75,7/1/2016,
878,9896,65,7/1/2016,
879,7003,56,7/1/2016,
880,6231,69,7/1/2016,
881,7734,53,7/1/2016,
882,8465,80,7/1/2016,
883,6203,48,7/1/2016,
884,8087,54,7/1/2016,
885,7339,73,7/1/2016,
886,6388,67,7/1/2016,
887,8640,67,7/1/2016,
888,7236,66,7/1/2016,
889,8481,80,7/1/2016,
890,8327,79,7/1/2016,
891,6794,72,7/1/2016,
892,7843,51,7/1/2016,
893,11578,54,7/1/2016,
894,9967,51,7/1/2016,
895,7255,51,7/1/2016,
896,8554,71,7/1/2016,
897,5994,76,7/1/2016,
898,7340,51,7/1/2016,
899,5979,76,7/1/2016,
900,7016,78,7/1/2016,
901,8363,51,7/1/2016,
902,9878,62,7/1/2016,
903,6039,71,7/1/2016,
904,9994,59,7/1/2016,
905,8235,59,7/1/2016,
906,8014,54,7/1/2016,
907,6018,76,7/1/2016,
908,7153,65,7/1/2016,
909,6973,62,7/1/2016,
910,8028,54,7/1/2016,
911,7382,67,7/1/2016,
912,6529,57,7/1/2016,
913,7874,51,7/1/2016,
914,5980,76,7/1/2016,
915,7525,70,7/1/2016,
916,11658,59,7/1/2016,
917,8080,49,7/1/2016,
918,6573,52,7/1/2016,
919,6353,69,7/1/2016,
920,7965,52,7/1/2016,
921,8658,67,7/1/2016,
922,7441,49,7/1/2016,
923,7442,67,7/1/2016,
924,7430,70,7/1/2016,
925,7626,75,7/1/2016,
926,6703,52,7/1/2016,
927,6173,56,7/1/2016,
928,6437,50,7/1/2016,
929,8647,75,7/1/2016,
930,10002,75,7/1/2016,
931,7633,50,7/1/2016,
932,8715,67,7/1/2016,
933,6556,58,7/1/2016,
934,8601,71,7/1/2016,
935,6209,48,7/1/2016,
936,7360,79,7/1/2016,
937,6796,48,7/1/2016,
938,8151,59,7/1/2016,
939,8334,79,7/1/2016,
940,8602,71,7/1/2016,
941,7175,79,7/1/2016,
942,7992,74,7/1/2016,
943,8542,80,7/1/2016,
944,8403,78,7/1/2016,
945,8629,71,7/1/2016,
946,7898,51,7/1/2016,
947,10022,79,7/1/2016,
948,6650,52,7/1/2016,
949,8447,52,7/1/2016,
950,7971,74,7/1/2016,
951,7993,74,7/1/2016,
952,8335,65,7/1/2016,
953,7918,74,7/1/2016,
954,7300,75,7/1/2016,
955,6278,54,7/1/2016,
956,7066,64,7/1/2016,
957,7465,63,7/1/2016,
958,9743,79,7/1/2016,
959,8149,51,7/1/2016,
960,8543,54,7/1/2016,
961,6449,60,7/1/2016,
962,6819,72,7/1/2016,
963,7154,65,7/1/2016,
964,6438,60,7/1/2016,
965,9807,57,7/1/2016,
966,11661,80,7/1/2016,
967,6159,54,7/1/2016,
968,8336,75,7/1/2016,
969,6607,58,7/1/2016,
970,6284,48,7/1/2016,
971,6182,65,7/1/2016,
972,7067,64,7/1/2016,
973,6389,60,7/1/2016,
974,8286,62,7/1/2016,
975,11549,51,7/1/2016,
976,7909,51,7/1/2016,
977,9886,64,7/1/2016,
978,9732,76,7/1/2016,
979,7372,64,7/1/2016,
980,7237,66,7/1/2016,
981,6797,72,7/1/2016,
982,6397,60,7/1/2016,
983,9983,54,7/1/2016,
984,11510,65,7/1/2016,
985,6618,50,7/1/2016,
986,5995,76,7/1/2016,
987,7431,49,7/1/2016,
988,7422,49,7/1/2016,
989,9697,50,7/1/2016,
990,8180,59,7/1/2016,
991,6450,73,7/1/2016,
992,8160,59,7/1/2016,
993,5957,76,7/1/2016,
994,7108,65,7/1/2016,
995,6931,62,7/1/2016,
996,8439,55,7/1/2016,
997,9755,56,7/1/2016,
998,7084,64,7/1/2016,
999,7782,79,7/1/2016,
1000,7367,49,7/1/2016,
1001,7085,58,7/1/2016,
1002,7983,76,7/1/2016,
1003,8623,70,7/1/2016,
1004,9935,63,7/1/2016,
1005,8704,67,7/1/2016,
1006,8346,79,7/1/2016,
1007,8737,52,7/1/2016,
1008,7078,65,7/1/2016,
1009,9897,65,7/1/2016,
1010,7342,73,7/1/2016,
1011,6174,56,7/1/2016,
1012,8015,78,7/1/2016,
1013,6232,61,7/1/2016,
1014,7017,64,7/1/2016,
1015,7531,63,7/1/2016,
1016,7648,70,7/1/2016,
1017,8797,55,7/1/2016,
1018,8016,67,7/1/2016,
1019,9912,73,7/1/2016,
1020,7924,74,7/1/2016,
1021,8635,58,7/1/2016,
1022,8571,71,7/1/2016,
1023,7266,66,7/1/2016,
1024,9830,58,7/1/2016,
1025,9665,68,7/1/2016,
1026,9744,68,7/1/2016,
1027,6798,72,7/1/2016,
1028,5950,76,7/1/2016,
1029,6932,62,7/1/2016,
1030,8404,78,7/1/2016,
1031,6546,74,7/1/2016,
1032,6632,64,7/1/2016,
1033,7347,73,7/1/2016,
1034,7532,63,7/1/2016,
1035,6294,69,7/1/2016,
1036,9905,66,7/1/2016,
1037,6874,61,7/1/2016,
1038,9913,73,7/1/2016,
1039,5958,76,7/1/2016,
1040,7598,50,7/1/2016,
1041,8161,59,7/1/2016,
1042,6808,72,7/1/2016,
1043,9733,76,7/1/2016,
1044,6361,55,7/1/2016,
1045,9775,69,7/1/2016,
1046,6752,72,7/1/2016,
1047,8277,64,7/1/2016,
1048,6550,57,7/1/2016,
1049,7326,73,7/1/2016,
1050,6715,52,7/1/2016,
1051,9756,51,7/1/2016,
1052,7783,53,7/1/2016,
1053,7239,66,7/1/2016,
1054,9832,58,7/1/2016,
1055,8526,80,7/1/2016,
1056,5996,76,7/1/2016,
1057,9958,53,7/1/2016,
1058,7355,68,7/1/2016,
1059,7926,74,7/1/2016,
1060,6233,48,7/1/2016,
1061,6317,69,7/1/2016,
1062,9757,56,7/1/2016,
1063,9951,70,7/1/2016,
1064,8705,67,7/1/2016,
1065,6619,58,7/1/2016,
1066,7972,49,7/1/2016,
1067,6175,56,7/1/2016,
1068,7301,73,7/1/2016,
1069,6740,64,7/1/2016,
1070,8785,58,7/1/2016,
1071,8241,75,7/1/2016,
1072,5933,76,7/1/2016,
1073,6976,67,7/1/2016,
1074,7384,49,7/1/2016,
1075,7356,73,7/1/2016,
1076,8092,58,7/1/2016,
1077,9855,72,7/1/2016,
1078,7138,65,7/1/2016,
1079,7477,63,7/1/2016,
1080,8391,78,7/1/2016,
1081,8758,55,7/1/2016,
1082,8759,60,7/1/2016,
1083,7432,49,7/1/2016,
1084,9833,58,7/1/2016,
1085,8471,49,7/1/2016,
1086,9968,51,7/1/2016,
1087,6472,57,7/1/2016,
1088,6515,57,7/1/2016,
1089,9856,72,7/1/2016,
1090,6963,62,7/1/2016,
1091,6977,62,7/1/2016,
1092,6937,62,7/1/2016,
1093,9745,68,7/1/2016,
1094,9959,53,7/1/2016,
1095,6130,56,7/1/2016,
1096,6978,62,7/1/2016,
1097,8255,75,7/1/2016,
1098,7526,64,7/1/2016,
1099,5985,76,7/1/2016,
1100,7348,73,7/1/2016,
1101,7466,63,7/1/2016,
1102,6007,76,7/1/2016,
1103,7828,51,7/1/2016,
1104,8272,75,7/1/2016,
1105,7900,55,7/1/2016,
1106,8217,70,7/1/2016,
1107,7424,49,7/1/2016,
1108,8242,75,7/1/2016,
1109,9758,56,7/1/2016,
1110,8348,79,7/1/2016,
1111,7784,53,7/1/2016,
1112,8364,53,7/1/2016,
1113,6137,56,7/1/2016,
1114,11194,49,7/1/2016,
1115,7086,64,7/1/2016,
1116,7327,73,7/1/2016,
1117,9746,68,7/1/2016,
1118,10099,79,7/1/2016,
1119,6451,60,7/1/2016,
1120,7244,66,7/1/2016,
1121,7831,51,7/1/2016,
1122,6269,48,7/1/2016,
1123,10025,79,7/1/2016,
1124,7846,48,7/1/2016,
1125,6008,56,7/1/2016,
1126,6634,58,7/1/2016,
1127,6908,61,7/1/2016,
1128,9845,52,7/1/2016,
1129,7534,63,7/1/2016,
1130,7010,64,7/1/2016,
1131,8088,60,7/1/2016,
1132,10026,79,7/1/2016,
1133,7484,60,7/1/2016,
1134,7910,51,7/1/2016,
1135,6575,58,7/1/2016,
1136,6620,66,7/1/2016,
1137,8427,78,7/1/2016,
1138,8482,80,7/1/2016,
1139,6905,61,7/1/2016,
1140,8509,80,7/1/2016,
1141,8555,53,7/1/2016,
1142,6286,49,7/1/2016,
1143,9906,66,7/1/2016,
1144,6995,62,7/1/2016,
1145,9693,80,7/1/2016,
1146,9701,70,7/1/2016,
1147,8287,79,7/1/2016,
1148,6781,72,7/1/2016,
1149,11501,72,7/1/2016,
1150,9887,64,7/1/2016,
1151,8448,78,7/1/2016,
1152,9578,78,7/1/2016,
1153,7927,79,7/1/2016,
1154,6088,68,7/1/2016,
1155,10027,79,7/1/2016,
1156,8760,55,7/1/2016,
1157,11615,67,7/1/2016,
1158,9626,75,7/1/2016,
1159,6877,75,7/1/2016,
1160,8455,78,7/1/2016,
1161,7894,49,7/1/2016,
1162,7901,51,7/1/2016,
1163,6531,57,7/1/2016,
1164,8237,73,7/1/2016,
1165,8472,80,7/1/2016,
1166,8089,58,7/1/2016,
1167,7245,68,7/1/2016,
1168,7535,63,7/1/2016,
1169,8081,64,7/1/2016,
1170,9979,74,7/1/2016,
1171,7637,50,7/1/2016,
1172,7832,59,7/1/2016,
1173,8301,79,7/1/2016,
1174,7879,51,7/1/2016,
1175,5982,76,7/1/2016,
1176,6829,61,7/1/2016,
1177,9898,65,7/1/2016,
1178,7833,68,7/1/2016,
1179,8716,67,7/1/2016,
1180,8799,74,7/1/2016,
1181,6966,62,7/1/2016,
1182,6922,62,7/1/2016,
1183,7943,74,7/1/2016,
1184,8190,75,7/1/2016,
1185,6532,57,7/1/2016,
1186,8533,48,7/1/2016,
1187,8751,61,7/1/2016,
1188,7627,51,7/1/2016,
1189,9942,50,7/1/2016,
1190,7936,74,7/1/2016,
1191,6622,70,7/1/2016,
1192,6279,48,7/1/2016,
1193,6131,68,7/1/2016,
1194,7198,66,7/1/2016,
1195,9863,61,7/1/2016,
1196,9914,73,7/1/2016,
1197,7188,66,7/1/2016,
1198,7527,63,7/1/2016,
1199,7536,71,7/1/2016,
1200,8800,53,7/1/2016,
1201,7649,51,7/1/2016,
1202,7246,66,7/1/2016,
1203,8265,65,7/1/2016,
1204,10011,78,7/1/2016,
1205,7509,63,7/1/2016,
1206,6809,72,7/1/2016,
1207,6914,62,7/1/2016,
1208,6382,71,7/1/2016,
1209,6939,62,7/1/2016,
1210,7811,53,7/1/2016,
1211,8100,59,7/1/2016,
1212,9899,65,7/1/2016,
1213,8115,59,7/1/2016,
1214,6987,62,7/1/2016,
1215,6645,52,7/1/2016,
1216,6842,76,7/1/2016,
1217,8752,55,7/1/2016,
1218,8090,50,7/1/2016,
1219,6391,60,7/1/2016,
1220,8337,79,7/1/2016,
1221,5983,76,7/1/2016,
1222,7485,63,7/1/2016,
1223,9915,57,7/1/2016,
1224,6699,71,7/1/2016,
1225,6979,62,7/1/2016,
1226,7628,50,7/1/2016,
1227,6025,68,7/1/2016,
1228,6843,48,7/1/2016,
1229,7265,66,7/1/2016,
1230,8011,52,7/1/2016,
1231,9776,69,7/1/2016,
1232,6756,72,7/1/2016,
1233,7726,70,7/1/2016,
1234,7361,73,7/1/2016,
1235,6483,68,7/1/2016,
1236,7004,64,7/1/2016,
1237,6724,52,7/1/2016,
1238,9888,64,7/1/2016,
1239,6117,68,7/1/2016,
1240,9834,58,7/1/2016,
1241,8725,67,7/1/2016,
1242,8572,51,7/1/2016,
1243,7543,63,7/1/2016,
1244,8718,53,7/1/2016,
1245,9768,48,7/1/2016,
1246,9587,59,7/1/2016,
1247,10045,67,7/1/2016,
1248,6542,57,7/1/2016,
1249,8162,59,7/1/2016,
1250,8354,79,7/1/2016,
1251,7606,50,7/1/2016,
1252,7415,68,7/1/2016,
1253,6600,58,7/1/2016,
1254,8569,71,7/1/2016,
1255,9960,53,7/1/2016,
1256,8082,78,7/1/2016,
1257,7433,53,7/1/2016,
1258,7537,63,7/1/2016,
1259,7279,73,7/1/2016,
1260,8355,79,7/1/2016,
1261,6988,62,7/1/2016,
1262,6347,69,7/1/2016,
1263,7019,71,7/1/2016,
1264,6741,72,7/1/2016,
1265,7601,71,7/1/2016,
1266,9857,72,7/1/2016,
1267,7880,51,7/1/2016,
1268,7069,64,7/1/2016,
1269,8356,76,7/1/2016,
1270,8556,71,7/1/2016,
1271,7392,49,7/1/2016,
1272,8510,80,7/1/2016,
1273,10046,67,7/1/2016,
1274,6517,57,7/1/2016,
1275,8927,53,7/1/2016,
1276,8440,78,7/1/2016,
1277,7902,51,7/1/2016,
1278,7247,66,7/1/2016,
1279,7571,50,7/1/2016,
1280,6897,61,7/1/2016,
1281,9710,54,7/1/2016,
1282,8393,78,7/1/2016,
1283,8441,74,7/1/2016,
1284,7274,73,7/1/2016,
1285,6029,71,7/1/2016,
1286,6782,64,7/1/2016,
1287,7231,66,7/1/2016,
1288,9985,54,7/1/2016,
1289,6176,71,7/1/2016,
1290,6548,57,7/1/2016,
1291,7848,51,7/1/2016,
1292,8429,79,7/1/2016,
1293,7829,51,7/1/2016,
1294,7544,63,7/1/2016,
1295,8595,71,7/1/2016,
1296,9018,52,7/1/2016,
1297,7944,74,7/1/2016,
1298,7984,74,7/1/2016,
1299,8075,54,7/1/2016,
1300,8801,55,7/1/2016,
1301,8288,52,7/1/2016,
1302,7349,74,7/1/2016,
1303,7248,66,7/1/2016,
1304,10176,73,7/1/2016,
1305,8394,78,7/1/2016,
1306,6160,56,7/1/2016,
1307,6132,56,7/1/2016,
1308,7665,70,7/1/2016,
1309,6081,69,7/1/2016,
1310,7357,73,7/1/2016,
1311,8802,55,7/1/2016,
1312,8604,71,7/1/2016,
1313,8163,67,7/1/2016,
1314,8875,48,7/1/2016,
1315,7650,51,7/1/2016,
1316,8017,54,7/1/2016,
1317,8243,75,7/1/2016,
1318,8726,67,7/1/2016,
1319,6825,61,7/1/2016,
1320,6885,51,7/1/2016,
1321,5935,76,7/1/2016,
1322,8707,67,7/1/2016,
1323,6920,62,7/1/2016,
1324,7517,63,7/1/2016,
1325,7199,66,7/1/2016,
1326,6746,72,7/1/2016,
1327,6298,69,7/1/2016,
1328,6518,64,7/1/2016,
1329,7386,49,7/1/2016,
1330,5984,76,7/1/2016,
1331,8573,71,7/1/2016,
1332,7937,78,7/1/2016,
1333,6665,65,7/1/2016,
1334,7020,64,7/1/2016,
1335,8273,75,7/1/2016,
1336,6092,70,7/1/2016,
1337,7453,54,7/1/2016,
1338,8728,67,7/1/2016,
1339,6177,56,7/1/2016,
1340,7425,49,7/1/2016,
1341,7727,78,7/1/2016,
1342,8667,67,7/1/2016,
1343,6428,60,7/1/2016,
1344,6671,52,7/1/2016,
1345,8630,76,7/1/2016,
1346,7115,65,7/1/2016,
1347,6121,56,7/1/2016,
1348,6810,72,7/1/2016,
1349,6049,68,7/1/2016,
1350,8631,71,7/1/2016,
1351,7368,49,7/1/2016,
1352,6868,70,7/1/2016,
1353,8456,78,7/1/2016,
1354,6484,48,7/1/2016,
1355,6844,61,7/1/2016,
1356,6869,61,7/1/2016,
1357,7444,58,7/1/2016,
1358,9611,72,7/1/2016,
1359,5942,76,7/1/2016,
1360,6205,48,7/1/2016,
1361,6584,58,7/1/2016,
1362,8256,75,7/1/2016,
1363,8366,79,7/1/2016,
1364,6110,68,7/1/2016,
1365,7478,63,7/1/2016,
1366,8147,80,7/1/2016,
1367,7280,73,7/1/2016,
1368,6757,72,7/1/2016,
1369,8367,79,7/1/2016,
1370,6980,62,7/1/2016,
1371,9013,52,7/1/2016,
1372,7207,66,7/1/2016,
1373,9970,51,7/1/2016,
1374,7450,49,7/1/2016,
1375,9952,70,7/1/2016,
1376,9926,80,7/1/2016,
1377,8786,53,7/1/2016,
1378,8181,59,7/1/2016,
1379,8739,55,7/1/2016,
1380,9704,53,7/1/2016,
1381,6223,60,7/1/2016,
1382,6747,72,7/1/2016,
1383,7820,53,7/1/2016,
1384,7258,66,7/1/2016,
1385,9900,65,7/1/2016,
1386,6356,69,7/1/2016,
1387,8057,52,7/1/2016,
1388,6965,61,7/1/2016,
1389,7994,79,7/1/2016,
1390,9616,68,7/1/2016,
1391,8164,59,7/1/2016,
1392,6439,60,7/1/2016,
1393,6299,65,7/1/2016,
1394,6050,68,7/1/2016,
1395,6301,69,7/1/2016,
1396,7169,55,7/1/2016,
1397,6915,65,7/1/2016,
1398,8034,51,7/1/2016,
1399,8527,75,7/1/2016,
1400,6122,59,7/1/2016,
1401,7037,55,7/1/2016,
1402,7510,63,7/1/2016,
1403,9916,73,7/1/2016,
1404,6196,74,7/1/2016,
1405,9936,63,7/1/2016,
1406,10175,54,7/1/2016,
1407,6800,60,7/1/2016,
1408,7434,62,7/1/2016,
1409,6100,68,7/1/2016,
1410,6198,56,7/1/2016,
1411,8146,59,7/1/2016,
1412,8291,79,7/1/2016,
1413,6886,54,7/1/2016,
1414,8289,65,7/1/2016,
1415,9986,54,7/1/2016,
1416,7744,53,7/1/2016,
1417,8244,60,7/1/2016,
1418,6178,68,7/1/2016,
1419,6163,56,7/1/2016,
1420,6491,57,7/1/2016,
1421,7728,70,7/1/2016,
1422,9987,54,7/1/2016,
1423,9944,50,7/1/2016,
1424,9737,76,7/1/2016,
1425,9720,79,7/1/2016,
1426,6887,50,7/1/2016,
1427,7741,53,7/1/2016,
1428,8624,71,7/1/2016,
1429,7416,53,7/1/2016,
1430,8267,75,7/1/2016,
1431,9812,57,7/1/2016,
1432,7435,49,7/1/2016,
1433,7177,65,7/1/2016,
1434,11377,58,7/1/2016,
1435,7813,53,7/1/2016,
1436,8350,79,7/1/2016,
1437,7417,49,7/1/2016,
1438,7159,65,7/1/2016,
1439,7945,74,7/1/2016,
1440,6167,48,7/1/2016,
1441,8668,67,7/1/2016,
1442,6870,61,7/1/2016,
1443,10048,67,7/1/2016,
1444,7479,56,7/1/2016,
1445,6133,56,7/1/2016,
1446,7545,63,7/1/2016,
1447,7200,66,7/1/2016,
1448,8148,59,7/1/2016,
1449,10038,71,7/1/2016,
1450,9980,74,7/1/2016,
1451,8457,78,7/1/2016,
1452,6031,68,7/1/2016,
1453,6817,72,7/1/2016,
1454,6802,72,7/1/2016,
1455,7281,73,7/1/2016,
1456,8332,49,7/1/2016,
1457,9769,48,7/1/2016,
1458,6422,60,7/1/2016,
1459,9981,74,7/1/2016,
1460,9864,61,7/1/2016,
1461,7201,66,7/1/2016,
1462,8084,54,7/1/2016,
1463,6224,48,7/1/2016,
1464,7619,72,7/1/2016,
1465,6473,54,7/1/2016,
1466,7051,64,7/1/2016,
1467,7539,63,7/1/2016,
1468,11659,63,7/1/2016,
1469,6001,68,7/1/2016,
1470,8173,70,7/1/2016,
1471,6295,69,7/1/2016,
1472,6185,56,7/1/2016,
1473,6811,72,7/1/2016,
1474,6871,69,7/1/2016,
1475,8274,56,7/1/2016,
1476,6042,68,7/1/2016,
1477,9712,54,7/1/2016,
1478,7282,73,7/1/2016,
1479,6562,56,7/1/2016,
1480,8515,80,7/1/2016,
1481,7110,75,7/1/2016,
1482,8116,59,7/1/2016,
1483,7436,68,7/1/2016,
1484,6728,48,7/1/2016,
1485,9917,73,7/1/2016,
1486,7558,50,7/1/2016,
1487,6393,60,7/1/2016,
1488,9059,52,7/1/2016,
1489,6888,61,7/1/2016,
1490,8643,58,7/1/2016,
1491,6636,55,7/1/2016,
1492,6300,69,7/1/2016,
1493,9865,61,7/1/2016,
1494,6717,52,7/1/2016,
1495,6733,52,7/1/2016,
1496,9749,51,7/1/2016,
1497,9598,76,7/1/2016,
1498,7057,64,7/1/2016,
1499,8442,78,7/1/2016,
1500,7884,51,7/1/2016,
1501,6287,48,7/1/2016,
1502,7742,75,7/1/2016,
1503,9866,61,7/1/2016,
1504,9738,76,7/1/2016,
1505,6168,56,7/1/2016,
1506,6318,79,7/1/2016,
1507,7373,49,7/1/2016,
1508,7973,74,7/1/2016,
1509,8106,59,7/1/2016,
1510,6520,57,7/1/2016,
1511,6288,48,7/1/2016,
1512,9901,65,7/1/2016,
1513,9671,48,7/1/2016,
1514,8303,79,7/1/2016,
1515,5943,76,7/1/2016,
1516,6262,48,7/1/2016,
1517,7876,51,7/1/2016,
1518,7904,51,7/1/2016,
1519,6254,49,7/1/2016,
1520,6140,56,7/1/2016,
1521,7329,49,7/1/2016,
1522,6044,68,7/1/2016,
1523,7720,70,7/1/2016,
1524,6549,57,7/1/2016,
1525,6788,72,7/1/2016,
1526,6364,69,7/1/2016,
1527,6667,52,7/1/2016,
1528,6638,58,7/1/2016,
1529,8208,75,7/1/2016,
1530,8165,59,7/1/2016,
1531,11577,64,7/1/2016,
1532,5987,76,7/1/2016,
1533,8710,67,7/1/2016,
1534,8308,79,7/1/2016,
1535,7296,73,7/1/2016,
1536,7968,60,7/1/2016,
1537,6718,52,7/1/2016,
1538,9907,66,7/1/2016,
1539,6394,60,7/1/2016,
1540,7343,73,7/1/2016,
1541,8283,79,7/1/2016,
1542,7635,61,7/1/2016,
1543,6611,72,7/1/2016,
1544,8550,71,7/1/2016,
1545,6672,52,7/1/2016,
1546,6784,72,7/1/2016,
1547,9577,66,7/1/2016,
1548,8198,75,7/1/2016,
1549,8696,67,7/1/2016,
1550,11656,67,7/1/2016,
1551,6225,48,7/1/2016,
1552,8711,67,7/1/2016,
1553,9780,69,7/1/2016,
1554,6093,68,7/1/2016,
1555,7323,48,7/1/2016,
1556,6878,58,7/1/2016,
1557,6485,57,7/1/2016,
1558,7480,63,7/1/2016,
1559,8663,67,7/1/2016,
1560,8351,79,7/1/2016,
1561,8633,71,7/1/2016,
1562,9835,76,7/1/2016,
1563,8449,56,7/1/2016,
1564,6612,58,7/1/2016,
1565,7787,53,7/1/2016,
1566,6577,66,7/1/2016,
1567,7189,66,7/1/2016,
1568,6365,69,7/1/2016,
1569,9762,56,7/1/2016,
1570,6423,60,7/1/2016,
1571,6831,61,7/1/2016,
1572,9867,61,7/1/2016,
1573,7344,73,7/1/2016,
1574,8544,80,7/1/2016,
