id,player_id,team_id,date_started,date_left
1,6923,62,2016-07-01,2016-07-01
2,11579,67,2016-07-01,2016-07-01
3,6826,61,2016-07-01,2016-07-01
4,6899,49,2016-07-01,2016-07-01
5,6430,60,2016-07-01,2016-07-01
6,8443,73,2016-07-01,2016-07-01
7,10059,53,2016-07-01,2016-07-01
8,6924,62,2016-07-01,2016-07-01
9,9954,53,2016-07-01,2016-07-01
10,7170,65,2016-07-01,2016-07-01
11,8343,74,2016-07-01,2016-07-01
12,8271,75,2016-07-01,2016-07-01
13,11614,60,2016-07-01,2016-07-01
14,6335,69,2016-07-01,2016-07-01
15,9061,71,2016-07-01,2016-07-01
16,8019,54,2016-07-01,2016-07-01
17,10029,71,2016-07-01,2016-07-01
18,6125,56,2016-07-01,2016-07-01
19,7437,49,2016-07-01,2016-07-01
20,7369,49,2016-07-01,2016-07-01
21,7331,73,2016-07-01,2016-07-01
22,9816,58,2016-07-01,2016-07-01
23,8605,71,2016-07-01,2016-07-01
24,5988,48,2016-07-01,2016-07-01
25,9932,63,2016-07-01,2016-07-01
26,8536,80,2016-07-01,2016-07-01
27,6476,58,2016-07-01,2016-07-01
28,6095,68,2016-07-01,2016-07-01
29,7905,51,2016-07-01,2016-07-01
30,8058,54,2016-07-01,2016-07-01
31,7111,65,2016-07-01,2016-07-01
32,9052,56,2016-07-01,2016-07-01
33,8199,75,2016-07-01,2016-07-01
34,7997,74,2016-07-01,2016-07-01
35,6096,68,2016-07-01,2016-07-01
36,10167,62,2016-07-01,2016-07-01
37,8063,49,2016-07-01,2016-07-01
38,7224,66,2016-07-01,2016-07-01
39,7849,67,2016-07-01,2016-07-01
40,7560,50,2016-07-01,2016-07-01
41,8804,74,2016-07-01,2016-07-01
42,6453,60,2016-07-01,2016-07-01
43,7805,66,2016-07-01,2016-07-01
44,6742,72,2016-07-01,2016-07-01
45,7171,48,2016-07-01,2016-07-01
46,6293,69,2016-07-01,2016-07-01
47,7133,65,2016-07-01,2016-07-01
48,6431,60,2016-07-01,2016-07-01
49,9961,51,2016-07-01,2016-07-01
50,9881,64,2016-07-01,2016-07-01
51,9607,72,2016-07-01,2016-07-01
52,8644,67,2016-07-01,2016-07-01
53,6864,61,2016-07-01,2016-07-01
54,7702,70,2016-07-01,2016-07-01
55,9955,53,2016-07-01,2016-07-01
56,7240,61,2016-07-01,2016-07-01
57,8420,78,2016-07-01,2016-07-01
58,7975,78,2016-07-01,2016-07-01
59,6296,69,2016-07-01,2016-07-01
60,7232,52,2016-07-01,2016-07-01
61,7462,63,2016-07-01,2016-07-01
62,6512,57,2016-07-01,2016-07-01
63,7920,58,2016-07-01,2016-07-01
64,8248,75,2016-07-01,2016-07-01
65,8475,80,2016-07-01,2016-07-01
66,7962,74,2016-07-01,2016-07-01
67,8321,79,2016-07-01,2016-07-01
68,8518,65,2016-07-01,2016-07-01
69,11623,59,2016-07-01,2016-07-01
70,7780,71,2016-07-01,2016-07-01
71,6076,68,2016-07-01,2016-07-01
72,6626,61,2016-07-01,2016-07-01
73,7320,73,2016-07-01,2016-07-01
74,6734,52,2016-07-01,2016-07-01
75,8782,55,2016-07-01,2016-07-01
76,8292,79,2016-07-01,2016-07-01
77,9001,78,2016-07-01,2016-07-01
78,6991,70,2016-07-01,2016-07-01
79,8617,60,2016-07-01,2016-07-01
80,7463,66,2016-07-01,2016-07-01
81,10068,71,2016-07-01,2016-07-01
82,8008,60,2016-07-01,2016-07-01
83,8013,54,2016-07-01,2016-07-01
84,9858,61,2016-07-01,2016-07-01
85,7877,73,2016-07-01,2016-07-01
86,6578,58,2016-07-01,2016-07-01
87,7518,63,2016-07-01,2016-07-01
88,6789,72,2016-07-01,2016-07-01
89,6967,70,2016-07-01,2016-07-01
90,8537,80,2016-07-01,2016-07-01
91,6790,60,2016-07-01,2016-07-01
92,6818,60,2016-07-01,2016-07-01
93,6084,76,2016-07-01,2016-07-01
94,8064,54,2016-07-01,2016-07-01
95,6418,67,2016-07-01,2016-07-01
96,8519,74,2016-07-01,2016-07-01
97,8787,55,2016-07-01,2016-07-01
98,9781,60,2016-07-01,2016-07-01
99,6657,52,2016-07-01,2016-07-01
100,6085,68,2016-07-01,2016-07-01
101,7746,53,2016-07-01,2016-07-01
102,8397,78,2016-07-01,2016-07-01
103,6827,61,2016-07-01,2016-07-01
104,8102,59,2016-07-01,2016-07-01
105,9945,70,2016-07-01,2016-07-01
106,6384,60,2016-07-01,2016-07-01
107,8433,78,2016-07-01,2016-07-01
108,6303,69,2016-07-01,2016-07-01
109,6564,75,2016-07-01,2016-07-01
110,7190,66,2016-07-01,2016-07-01
111,6396,50,2016-07-01,2016-07-01
112,8322,79,2016-07-01,2016-07-01
113,6358,69,2016-07-01,2016-07-01
114,7814,53,2016-07-01,2016-07-01
115,6468,57,2016-07-01,2016-07-01
116,7358,73,2016-07-01,2016-07-01
117,6304,69,2016-07-01,2016-07-01
118,8453,78,2016-07-01,2016-07-01
119,6003,76,2016-07-01,2016-07-01
120,6170,56,2016-07-01,2016-07-01
121,6744,72,2016-07-01,2016-07-01
122,11547,51,2016-07-01,2016-07-01
123,8352,55,2016-07-01,2016-07-01
124,8689,67,2016-07-01,2016-07-01
125,10007,78,2016-07-01,2016-07-01
126,8168,67,2016-07-01,2016-07-01
127,7540,48,2016-07-01,2016-07-01
128,7552,50,2016-07-01,2016-07-01
129,7005,64,2016-07-01,2016-07-01
130,10058,58,2016-07-01,2016-07-01
131,7553,50,2016-07-01,2016-07-01
132,8386,61,2016-07-01,2016-07-01
133,9849,72,2016-07-01,2016-07-01
134,7180,66,2016-07-01,2016-07-01
135,9996,75,2016-07-01,2016-07-01
136,7481,51,2016-07-01,2016-07-01
137,6366,69,2016-07-01,2016-07-01
138,7821,59,2016-07-01,2016-07-01
139,7072,64,2016-07-01,2016-07-01
140,10060,51,2016-07-01,2016-07-01
141,8435,78,2016-07-01,2016-07-01
142,9797,57,2016-07-01,2016-07-01
143,8077,60,2016-07-01,2016-07-01
144,10013,79,2016-07-01,2016-07-01
145,6135,56,2016-07-01,2016-07-01
146,9770,69,2016-07-01,2016-07-01
147,6968,78,2016-07-01,2016-07-01
148,8009,63,2016-07-01,2016-07-01
149,6265,54,2016-07-01,2016-07-01
150,7549,50,2016-07-01,2016-07-01
151,8065,54,2016-07-01,2016-07-01
152,7602,50,2016-07-01,2016-07-01
153,7225,49,2016-07-01,2016-07-01
154,7359,76,2016-07-01,2016-07-01
155,8570,71,2016-07-01,2016-07-01
156,9782,60,2016-07-01,2016-07-01
157,9783,60,2016-07-01,2016-07-01
158,7095,65,2016-07-01,2016-07-01
159,7722,70,2016-07-01,2016-07-01
160,8805,55,2016-07-01,2016-07-01
161,7641,70,2016-07-01,2016-07-01
162,9868,62,2016-07-01,2016-07-01
163,6707,53,2016-07-01,2016-07-01
164,9937,50,2016-07-01,2016-07-01
165,8478,80,2016-07-01,2016-07-01
166,8444,78,2016-07-01,2016-07-01
167,8511,80,2016-07-01,2016-07-01
168,7788,53,2016-07-01,2016-07-01
169,8436,78,2016-07-01,2016-07-01
170,6272,54,2016-07-01,2016-07-01
171,6190,54,2016-07-01,2016-07-01
172,9933,63,2016-07-01,2016-07-01
173,9837,52,2016-07-01,2016-07-01
174,8109,59,2016-07-01,2016-07-01
175,6171,51,2016-07-01,2016-07-01
176,7806,57,2016-07-01,2016-07-01
177,6306,69,2016-07-01,2016-07-01
178,9065,60,2016-07-01,2016-07-01
179,5944,76,2016-07-01,2016-07-01
180,9997,75,2016-07-01,2016-07-01
181,5945,76,2016-07-01,2016-07-01
182,7822,53,2016-07-01,2016-07-01
183,9601,55,2016-07-01,2016-07-01
184,8466,80,2016-07-01,2016-07-01
185,7599,50,2016-07-01,2016-07-01
186,6266,48,2016-07-01,2016-07-01
187,7259,48,2016-07-01,2016-07-01
188,8698,48,2016-07-01,2016-07-01
189,6814,55,2016-07-01,2016-07-01
190,8538,76,2016-07-01,2016-07-01
191,6256,48,2016-07-01,2016-07-01
192,6603,61,2016-07-01,2016-07-01
193,6658,52,2016-07-01,2016-07-01
194,6111,68,2016-07-01,2016-07-01
195,8853,76,2016-07-01,2016-07-01
196,6012,76,2016-07-01,2016-07-01
197,10008,78,2016-07-01,2016-07-01
198,9784,60,2016-07-01,2016-07-01
199,7087,57,2016-07-01,2016-07-01
200,7061,64,2016-07-01,2016-07-01
201,10009,78,2016-07-01,2016-07-01
202,6521,57,2016-07-01,2016-07-01
203,6469,57,2016-07-01,2016-07-01
204,9869,51,2016-07-01,2016-07-01
205,8359,58,2016-07-01,2016-07-01
206,6992,62,2016-07-01,2016-07-01
207,9991,59,2016-07-01,2016-07-01
208,9962,51,2016-07-01,2016-07-01
209,6748,75,2016-07-01,2016-07-01
210,6832,61,2016-07-01,2016-07-01
211,8030,54,2016-07-01,2016-07-01
212,9785,60,2016-07-01,2016-07-01
213,7723,61,2016-07-01,2016-07-01
214,8376,48,2016-07-01,2016-07-01
215,7928,52,2016-07-01,2016-07-01
216,6889,61,2016-07-01,2016-07-01
217,7162,65,2016-07-01,2016-07-01
218,8249,49,2016-07-01,2016-07-01
219,6127,75,2016-07-01,2016-07-01
220,7622,50,2016-07-01,2016-07-01
221,9771,69,2016-07-01,2016-07-01
222,10040,67,2016-07-01,2016-07-01
223,6879,61,2016-07-01,2016-07-01
224,9772,69,2016-07-01,2016-07-01
225,7724,70,2016-07-01,2016-07-01
226,7554,70,2016-07-01,2016-07-01
227,9973,74,2016-07-01,2016-07-01
228,6443,60,2016-07-01,2016-07-01
229,7388,49,2016-07-01,2016-07-01
230,6128,56,2016-07-01,2016-07-01
231,5976,76,2016-07-01,2016-07-01
232,9740,68,2016-07-01,2016-07-01
233,6639,58,2016-07-01,2016-07-01
234,9569,56,2016-07-01,2016-07-01
235,6613,58,2016-07-01,2016-07-01
236,6900,61,2016-07-01,2016-07-01
237,6378,60,2016-07-01,2016-07-01
238,6289,48,2016-07-01,2016-07-01
239,6719,52,2016-07-01,2016-07-01
240,7916,74,2016-07-01,2016-07-01
241,8424,78,2016-07-01,2016-07-01
242,8245,75,2016-07-01,2016-07-01
243,7987,74,2016-07-01,2016-07-01
244,8398,55,2016-07-01,2016-07-01
245,8078,54,2016-07-01,2016-07-01
246,9927,49,2016-07-01,2016-07-01
247,8607,51,2016-07-01,2016-07-01
248,6522,65,2016-07-01,2016-07-01
249,8690,67,2016-07-01,2016-07-01
250,9773,69,2016-07-01,2016-07-01
251,7797,53,2016-07-01,2016-07-01
252,6202,67,2016-07-01,2016-07-01
253,6020,76,2016-07-01,2016-07-01
254,7321,51,2016-07-01,2016-07-01
255,8031,54,2016-07-01,2016-07-01
256,8399,78,2016-07-01,2016-07-01
257,8361,79,2016-07-01,2016-07-01
258,7275,73,2016-07-01,2016-07-01
259,7668,61,2016-07-01,2016-07-01
260,6257,61,2016-07-01,2016-07-01
261,7988,49,2016-07-01,2016-07-01
262,9719,75,2016-07-01,2016-07-01
263,8140,59,2016-07-01,2016-07-01
264,5955,48,2016-07-01,2016-07-01
265,10067,80,2016-07-01,2016-07-01
266,7636,50,2016-07-01,2016-07-01
267,6730,52,2016-07-01,2016-07-01
268,6720,52,2016-07-01,2016-07-01
269,8323,79,2016-07-01,2016-07-01
270,9871,62,2016-07-01,2016-07-01
271,6506,57,2016-07-01,2016-07-01
272,6228,48,2016-07-01,2016-07-01
273,6069,68,2016-07-01,2016-07-01
274,8188,75,2016-07-01,2016-07-01
275,8821,62,2016-07-01,2016-07-01
276,7063,64,2016-07-01,2016-07-01
277,8111,59,2016-07-01,2016-07-01
278,6926,62,2016-07-01,2016-07-01
279,6274,59,2016-07-01,2016-07-01
280,7519,63,2016-07-01,2016-07-01
281,7144,65,2016-07-01,2016-07-01
282,7654,70,2016-07-01,2016-07-01
283,9819,58,2016-07-01,2016-07-01
284,7418,48,2016-07-01,2016-07-01
285,7530,50,2016-07-01,2016-07-01
286,6367,69,2016-07-01,2016-07-01
287,6027,68,2016-07-01,2016-07-01
288,10014,79,2016-07-01,2016-07-01
289,6097,68,2016-07-01,2016-07-01
290,7609,58,2016-07-01,2016-07-01
291,7815,53,2016-07-01,2016-07-01
292,9574,52,2016-07-01,2016-07-01
293,7251,66,2016-07-01,2016-07-01
294,8788,55,2016-07-01,2016-07-01
295,7287,73,2016-07-01,2016-07-01
296,8627,71,2016-07-01,2016-07-01
297,9972,74,2016-07-01,2016-07-01
298,8487,62,2016-07-01,2016-07-01
299,7656,70,2016-07-01,2016-07-01
300,7929,74,2016-07-01,2016-07-01
301,7345,76,2016-07-01,2016-07-01
302,9691,80,2016-07-01,2016-07-01
303,6599,58,2016-07-01,2016-07-01
304,6880,61,2016-07-01,2016-07-01
305,9801,57,2016-07-01,2016-07-01
306,9750,56,2016-07-01,2016-07-01
307,11616,80,2016-07-01,2016-07-01
308,8731,55,2016-07-01,2016-07-01
309,7052,64,2016-07-01,2016-07-01
310,11378,74,2016-07-01,2016-07-01
311,8052,54,2016-07-01,2016-07-01
312,8713,67,2016-07-01,2016-07-01
313,8344,79,2016-07-01,2016-07-01
314,7930,74,2016-07-01,2016-07-01
315,10049,55,2016-07-01,2016-07-01
316,6690,52,2016-07-01,2016-07-01
317,6691,52,2016-07-01,2016-07-01
318,9946,70,2016-07-01,2016-07-01
319,7503,63,2016-07-01,2016-07-01
320,7047,72,2016-07-01,2016-07-01
321,6916,62,2016-07-01,2016-07-01
322,7896,65,2016-07-01,2016-07-01
323,8450,78,2016-07-01,2016-07-01
324,6997,62,2016-07-01,2016-07-01
325,10033,71,2016-07-01,2016-07-01
326,8744,55,2016-07-01,2016-07-01
327,6558,58,2016-07-01,2016-07-01
328,7748,53,2016-07-01,2016-07-01
329,8467,80,2016-07-01,2016-07-01
330,8053,54,2016-07-01,2016-07-01
331,7064,64,2016-07-01,2016-07-01
332,6376,60,2016-07-01,2016-07-01
333,7261,66,2016-07-01,2016-07-01
334,6464,57,2016-07-01,2016-07-01
335,8175,59,2016-07-01,2016-07-01
336,7272,54,2016-07-01,2016-07-01
337,6959,62,2016-07-01,2016-07-01
338,9724,55,2016-07-01,2016-07-01
339,6614,57,2016-07-01,2016-07-01
340,6275,48,2016-07-01,2016-07-01
341,6258,48,2016-07-01,2016-07-01
342,7737,53,2016-07-01,2016-07-01
343,8608,71,2016-07-01,2016-07-01
344,8260,78,2016-07-01,2016-07-01
345,8539,80,2016-07-01,2016-07-01
346,7887,58,2016-07-01,2016-07-01
347,7749,75,2016-07-01,2016-07-01
348,7851,51,2016-07-01,2016-07-01
349,7276,73,2016-07-01,2016-07-01
350,8377,78,2016-07-01,2016-07-01
351,7228,52,2016-07-01,2016-07-01
352,9992,59,2016-07-01,2016-07-01
353,6348,69,2016-07-01,2016-07-01
354,6791,72,2016-07-01,2016-07-01
355,9872,62,2016-07-01,2016-07-01
356,8401,55,2016-07-01,2016-07-01
357,7165,65,2016-07-01,2016-07-01
358,7439,56,2016-07-01,2016-07-01
359,7694,70,2016-07-01,2016-07-01
360,8460,78,2016-07-01,2016-07-01
361,6523,57,2016-07-01,2016-07-01
362,9903,66,2016-07-01,2016-07-01
363,7837,51,2016-07-01,2016-07-01
364,8589,69,2016-07-01,2016-07-01
365,8896,64,2016-07-01,2016-07-01
366,6534,57,2016-07-01,2016-07-01
367,7065,64,2016-07-01,2016-07-01
368,7574,72,2016-07-01,2016-07-01
369,6627,75,2016-07-01,2016-07-01
370,9820,58,2016-07-01,2016-07-01
371,7559,50,2016-07-01,2016-07-01
372,8425,78,2016-07-01,2016-07-01
373,6316,69,2016-07-01,2016-07-01
374,6891,61,2016-07-01,2016-07-01
375,7471,63,2016-07-01,2016-07-01
376,9882,64,2016-07-01,2016-07-01
377,6032,68,2016-07-01,2016-07-01
378,7715,70,2016-07-01,2016-07-01
379,9669,56,2016-07-01,2016-07-01
380,11657,69,2016-07-01,2016-07-01
381,9725,55,2016-07-01,2016-07-01
382,10042,67,2016-07-01,2016-07-01
383,8512,80,2016-07-01,2016-07-01
384,7758,53,2016-07-01,2016-07-01
385,9873,62,2016-07-01,2016-07-01
386,7104,65,2016-07-01,2016-07-01
387,8431,78,2016-07-01,2016-07-01
388,6805,72,2016-07-01,2016-07-01
389,8652,67,2016-07-01,2016-07-01
390,7878,48,2016-07-01,2016-07-01
391,7112,65,2016-07-01,2016-07-01
392,9694,49,2016-07-01,2016-07-01
393,6559,78,2016-07-01,2016-07-01
394,6172,56,2016-07-01,2016-07-01
395,6649,52,2016-07-01,2016-07-01
396,8745,55,2016-07-01,2016-07-01
397,6507,57,2016-07-01,2016-07-01
398,6424,64,2016-07-01,2016-07-01
399,8153,59,2016-07-01,2016-07-01
400,6087,52,2016-07-01,2016-07-01
401,8251,75,2016-07-01,2016-07-01
402,6338,69,2016-07-01,2016-07-01
403,7603,80,2016-07-01,2016-07-01
404,7629,50,2016-07-01,2016-07-01
405,6845,61,2016-07-01,2016-07-01
406,7704,70,2016-07-01,2016-07-01
407,7564,50,2016-07-01,2016-07-01
408,6692,65,2016-07-01,2016-07-01
409,7963,74,2016-07-01,2016-07-01
410,6486,57,2016-07-01,2016-07-01
411,6191,56,2016-07-01,2016-07-01
412,7705,70,2016-07-01,2016-07-01
413,5937,76,2016-07-01,2016-07-01
414,10015,79,2016-07-01,2016-07-01
415,9839,52,2016-07-01,2016-07-01
416,11548,71,2016-07-01,2016-07-01
417,6970,62,2016-07-01,2016-07-01
418,11502,66,2016-07-01,2016-07-01
419,7969,74,2016-07-01,2016-07-01
420,7482,63,2016-07-01,2016-07-01
421,8233,75,2016-07-01,2016-07-01
422,7838,51,2016-07-01,2016-07-01
423,9804,57,2016-07-01,2016-07-01
424,8032,54,2016-07-01,2016-07-01
425,9883,64,2016-07-01,2016-07-01
426,6668,52,2016-07-01,2016-07-01
427,7906,76,2016-07-01,2016-07-01
428,7263,55,2016-07-01,2016-07-01
429,9874,62,2016-07-01,2016-07-01
430,8562,71,2016-07-01,2016-07-01
431,8619,55,2016-07-01,2016-07-01
432,7541,63,2016-07-01,2016-07-01
433,9875,62,2016-07-01,2016-07-01
434,8513,70,2016-07-01,2016-07-01
435,6377,60,2016-07-01,2016-07-01
436,9728,65,2016-07-01,2016-07-01
437,6660,79,2016-07-01,2016-07-01
438,9998,75,2016-07-01,2016-07-01
439,8665,67,2016-07-01,2016-07-01
440,7412,49,2016-07-01,2016-07-01
441,9805,57,2016-07-01,2016-07-01
442,5956,76,2016-07-01,2016-07-01
443,6212,48,2016-07-01,2016-07-01
444,9892,65,2016-07-01,2016-07-01
445,7024,64,2016-07-01,2016-07-01
446,5946,76,2016-07-01,2016-07-01
447,7826,51,2016-07-01,2016-07-01
448,6114,56,2016-07-01,2016-07-01
449,7113,70,2016-07-01,2016-07-01
450,7610,50,2016-07-01,2016-07-01
451,8262,75,2016-07-01,2016-07-01
452,6525,57,2016-07-01,2016-07-01
453,7595,50,2016-07-01,2016-07-01
454,9788,60,2016-07-01,2016-07-01
455,5947,50,2016-07-01,2016-07-01
456,8463,73,2016-07-01,2016-07-01
457,7911,51,2016-07-01,2016-07-01
458,8817,63,2016-07-01,2016-07-01
459,7332,73,2016-07-01,2016-07-01
460,9918,80,2016-07-01,2016-07-01
461,6119,72,2016-07-01,2016-07-01
462,9584,59,2016-07-01,2016-07-01
463,6379,51,2016-07-01,2016-07-01
464,7006,49,2016-07-01,2016-07-01
465,9938,50,2016-07-01,2016-07-01
466,6434,55,2016-07-01,2016-07-01
467,6750,72,2016-07-01,2016-07-01
468,8649,67,2016-07-01,2016-07-01
469,7229,66,2016-07-01,2016-07-01
470,11574,80,2016-07-01,2016-07-01
471,7452,49,2016-07-01,2016-07-01
472,9840,52,2016-07-01,2016-07-01
473,6028,68,2016-07-01,2016-07-01
474,7146,60,2016-07-01,2016-07-01
475,8904,68,2016-07-01,2016-07-01
476,7612,50,2016-07-01,2016-07-01
477,7473,63,2016-07-01,2016-07-01
478,5991,76,2016-07-01,2016-07-01
479,10050,55,2016-07-01,2016-07-01
480,6444,60,2016-07-01,2016-07-01
481,9884,64,2016-07-01,2016-07-01
482,6309,69,2016-07-01,2016-07-01
483,8373,78,2016-07-01,2016-07-01
484,6567,68,2016-07-01,2016-07-01
485,6708,52,2016-07-01,2016-07-01
486,6625,58,2016-07-01,2016-07-01
487,8529,80,2016-07-01,2016-07-01
488,7346,73,2016-07-01,2016-07-01
489,6371,69,2016-07-01,2016-07-01
490,8746,55,2016-07-01,2016-07-01
491,6770,68,2016-07-01,2016-07-01
492,7551,50,2016-07-01,2016-07-01
493,8154,55,2016-07-01,2016-07-01
494,7446,48,2016-07-01,2016-07-01
495,8211,75,2016-07-01,2016-07-01
496,11580,72,2016-07-01,2016-07-01
497,6290,48,2016-07-01,2016-07-01
498,8170,59,2016-07-01,2016-07-01
499,7172,65,2016-07-01,2016-07-01
500,8592,71,2016-07-01,2016-07-01
501,6508,57,2016-07-01,2016-07-01
502,6628,59,2016-07-01,2016-07-01
503,7907,51,2016-07-01,2016-07-01
504,7370,48,2016-07-01,2016-07-01
505,6136,56,2016-07-01,2016-07-01
506,6276,48,2016-07-01,2016-07-01
507,6310,69,2016-07-01,2016-07-01
508,6629,66,2016-07-01,2016-07-01
509,6349,71,2016-07-01,2016-07-01
510,6445,60,2016-07-01,2016-07-01
511,8548,71,2016-07-01,2016-07-01
512,9919,80,2016-07-01,2016-07-01
513,5948,76,2016-07-01,2016-07-01
514,8177,59,2016-07-01,2016-07-01
515,6426,60,2016-07-01,2016-07-01
516,8812,68,2016-07-01,2016-07-01
517,8783,55,2016-07-01,2016-07-01
518,8067,54,2016-07-01,2016-07-01
519,8701,76,2016-07-01,2016-07-01
520,6070,68,2016-07-01,2016-07-01
521,9956,53,2016-07-01,2016-07-01
522,6984,62,2016-07-01,2016-07-01
523,8112,68,2016-07-01,2016-07-01
524,6216,48,2016-07-01,2016-07-01
525,8195,75,2016-07-01,2016-07-01
526,7096,65,2016-07-01,2016-07-01
527,7638,50,2016-07-01,2016-07-01
528,9851,72,2016-07-01,2016-07-01
529,6460,53,2016-07-01,2016-07-01
530,8068,54,2016-07-01,2016-07-01
531,6277,48,2016-07-01,2016-07-01
532,8305,79,2016-07-01,2016-07-01
533,7185,66,2016-07-01,2016-07-01
534,9929,49,2016-07-01,2016-07-01
535,8747,55,2016-07-01,2016-07-01
536,7252,66,2016-07-01,2016-07-01
537,6230,49,2016-07-01,2016-07-01
538,6477,57,2016-07-01,2016-07-01
539,8212,59,2016-07-01,2016-07-01
540,9893,65,2016-07-01,2016-07-01
541,6762,72,2016-07-01,2016-07-01
542,8655,54,2016-07-01,2016-07-01
543,7195,66,2016-07-01,2016-07-01
544,7520,63,2016-07-01,2016-07-01
545,6694,52,2016-07-01,2016-07-01
546,8871,76,2016-07-01,2016-07-01
547,7505,63,2016-07-01,2016-07-01
548,8723,69,2016-07-01,2016-07-01
549,7026,64,2016-07-01,2016-07-01
550,8732,58,2016-07-01,2016-07-01
551,9920,80,2016-07-01,2016-07-01
552,8402,59,2016-07-01,2016-07-01
553,7440,71,2016-07-01,2016-07-01
554,7007,64,2016-07-01,2016-07-01
555,7596,50,2016-07-01,2016-07-01
556,9765,48,2016-07-01,2016-07-01
557,7575,50,2016-07-01,2016-07-01
558,10055,54,2016-07-01,2016-07-01
559,6961,62,2016-07-01,2016-07-01
560,6985,62,2016-07-01,2016-07-01
561,5978,76,2016-07-01,2016-07-01
562,8469,80,2016-07-01,2016-07-01
563,6165,56,2016-07-01,2016-07-01
564,7173,65,2016-07-01,2016-07-01
565,6630,58,2016-07-01,2016-07-01
566,6071,68,2016-07-01,2016-07-01
567,8521,80,2016-07-01,2016-07-01
568,7076,64,2016-07-01,2016-07-01
569,7333,73,2016-07-01,2016-07-01
570,8807,55,2016-07-01,2016-07-01
571,9789,60,2016-07-01,2016-07-01
572,6536,53,2016-07-01,2016-07-01
573,9974,74,2016-07-01,2016-07-01
574,6478,59,2016-07-01,2016-07-01
575,6260,79,2016-07-01,2016-07-01
576,10066,50,2016-07-01,2016-07-01
577,7202,58,2016-07-01,2016-07-01
578,8756,78,2016-07-01,2016-07-01
579,7791,53,2016-07-01,2016-07-01
580,7203,61,2016-07-01,2016-07-01
581,6036,68,2016-07-01,2016-07-01
582,9993,59,2016-07-01,2016-07-01
583,10034,71,2016-07-01,2016-07-01
584,8489,80,2016-07-01,2016-07-01
585,7630,50,2016-07-01,2016-07-01
586,8422,78,2016-07-01,2016-07-01
587,7567,78,2016-07-01,2016-07-01
588,6368,70,2016-07-01,2016-07-01
589,7542,63,2016-07-01,2016-07-01
590,6806,72,2016-07-01,2016-07-01
591,7888,51,2016-07-01,2016-07-01
592,7298,73,2016-07-01,2016-07-01
593,9948,70,2016-07-01,2016-07-01
594,7464,78,2016-07-01,2016-07-01
595,7752,53,2016-07-01,2016-07-01
596,10166,55,2016-07-01,2016-07-01
597,7882,53,2016-07-01,2016-07-01
598,8156,59,2016-07-01,2016-07-01
599,8054,78,2016-07-01,2016-07-01
600,9729,76,2016-07-01,2016-07-01
601,6217,48,2016-07-01,2016-07-01
602,8369,79,2016-07-01,2016-07-01
603,6526,68,2016-07-01,2016-07-01
604,6570,58,2016-07-01,2016-07-01
605,9876,62,2016-07-01,2016-07-01
606,7991,74,2016-07-01,2016-07-01
607,8506,80,2016-07-01,2016-07-01
608,6986,75,2016-07-01,2016-07-01
609,6731,52,2016-07-01,2016-07-01
610,9885,64,2016-07-01,2016-07-01
611,7979,74,2016-07-01,2016-07-01
612,9921,80,2016-07-01,2016-07-01
613,7889,51,2016-07-01,2016-07-01
614,7181,66,2016-07-01,2016-07-01
615,10043,67,2016-07-01,2016-07-01
616,9999,75,2016-07-01,2016-07-01
617,7799,53,2016-07-01,2016-07-01
618,6037,56,2016-07-01,2016-07-01
619,6763,72,2016-07-01,2016-07-01
620,7426,49,2016-07-01,2016-07-01
621,6470,57,2016-07-01,2016-07-01
622,8145,59,2016-07-01,2016-07-01
623,8113,59,2016-07-01,2016-07-01
624,7690,60,2016-07-01,2016-07-01
625,8070,54,2016-07-01,2016-07-01
626,9922,80,2016-07-01,2016-07-01
627,9823,58,2016-07-01,2016-07-01
628,7613,50,2016-07-01,2016-07-01
629,7646,70,2016-07-01,2016-07-01
630,9582,66,2016-07-01,2016-07-01
631,6471,57,2016-07-01,2016-07-01
632,7669,70,2016-07-01,2016-07-01
633,7460,63,2016-07-01,2016-07-01
634,6537,80,2016-07-01,2016-07-01
635,9910,73,2016-07-01,2016-07-01
636,6745,75,2016-07-01,2016-07-01
637,7105,65,2016-07-01,2016-07-01
638,6709,52,2016-07-01,2016-07-01
639,7521,78,2016-07-01,2016-07-01
640,6218,50,2016-07-01,2016-07-01
641,10098,58,2016-07-01,2016-07-01
642,7935,74,2016-07-01,2016-07-01
643,10056,58,2016-07-01,2016-07-01
644,9975,74,2016-07-01,2016-07-01
645,7234,55,2016-07-01,2016-07-01
646,9741,68,2016-07-01,2016-07-01
647,7013,64,2016-07-01,2016-07-01
648,7731,55,2016-07-01,2016-07-01
649,6339,69,2016-07-01,2016-07-01
650,7254,66,2016-07-01,2016-07-01
651,7336,73,2016-07-01,2016-07-01
652,6419,60,2016-07-01,2016-07-01
653,9790,60,2016-07-01,2016-07-01
654,7324,73,2016-07-01,2016-07-01
655,9791,60,2016-07-01,2016-07-01
656,9825,58,2016-07-01,2016-07-01
657,9695,49,2016-07-01,2016-07-01
658,7873,51,2016-07-01,2016-07-01
659,7002,60,2016-07-01,2016-07-01
660,8026,71,2016-07-01,2016-07-01
661,8720,56,2016-07-01,2016-07-01
662,6249,48,2016-07-01,2016-07-01
663,7136,53,2016-07-01,2016-07-01
664,6604,71,2016-07-01,2016-07-01
665,7427,49,2016-07-01,2016-07-01
666,7710,48,2016-07-01,2016-07-01
667,8565,71,2016-07-01,2016-07-01
668,6912,62,2016-07-01,2016-07-01
669,7739,64,2016-07-01,2016-07-01
670,6509,57,2016-07-01,2016-07-01
671,7506,63,2016-07-01,2016-07-01
672,8656,48,2016-07-01,2016-07-01
673,10063,53,2016-07-01,2016-07-01
674,7196,66,2016-07-01,2016-07-01
675,6446,60,2016-07-01,2016-07-01
676,8381,78,2016-07-01,2016-07-01
677,6989,62,2016-07-01,2016-07-01
678,6866,61,2016-07-01,2016-07-01
679,6901,48,2016-07-01,2016-07-01
680,8813,55,2016-07-01,2016-07-01
681,6544,57,2016-07-01,2016-07-01
682,7647,70,2016-07-01,2016-07-01
683,8253,75,2016-07-01,2016-07-01
684,8204,75,2016-07-01,2016-07-01
685,10065,55,2016-07-01,2016-07-01
686,8345,74,2016-07-01,2016-07-01
687,7330,52,2016-07-01,2016-07-01
688,6105,68,2016-07-01,2016-07-01
689,7830,66,2016-07-01,2016-07-01
690,11617,78,2016-07-01,2016-07-01
691,9904,66,2016-07-01,2016-07-01
692,6181,61,2016-07-01,2016-07-01
693,11505,74,2016-07-01,2016-07-01
694,8748,55,2016-07-01,2016-07-01
695,10093,62,2016-07-01,2016-07-01
696,7151,65,2016-07-01,2016-07-01
697,5992,65,2016-07-01,2016-07-01
698,7077,64,2016-07-01,2016-07-01
699,6780,66,2016-07-01,2016-07-01
700,6072,68,2016-07-01,2016-07-01
701,8566,71,2016-07-01,2016-07-01
702,9976,74,2016-07-01,2016-07-01
703,8120,59,2016-07-01,2016-07-01
704,8553,71,2016-07-01,2016-07-01
705,7073,65,2016-07-01,2016-07-01
706,8003,74,2016-07-01,2016-07-01
707,6930,62,2016-07-01,2016-07-01
708,9852,72,2016-07-01,2016-07-01
709,6079,68,2016-07-01,2016-07-01
710,8778,55,2016-07-01,2016-07-01
711,10020,79,2016-07-01,2016-07-01
712,6015,76,2016-07-01,2016-07-01
713,6386,60,2016-07-01,2016-07-01
714,7792,55,2016-07-01,2016-07-01
715,8531,53,2016-07-01,2016-07-01
716,6420,73,2016-07-01,2016-07-01
717,7428,49,2016-07-01,2016-07-01
718,7700,79,2016-07-01,2016-07-01
719,9965,51,2016-07-01,2016-07-01
720,8086,54,2016-07-01,2016-07-01
721,7740,53,2016-07-01,2016-07-01
722,6166,56,2016-07-01,2016-07-01
723,8426,78,2016-07-01,2016-07-01
724,7106,67,2016-07-01,2016-07-01
725,7420,51,2016-07-01,2016-07-01
726,7651,71,2016-07-01,2016-07-01
727,7152,58,2016-07-01,2016-07-01
728,7474,63,2016-07-01,2016-07-01
729,6340,69,2016-07-01,2016-07-01
730,8851,76,2016-07-01,2016-07-01
731,5940,76,2016-07-01,2016-07-01
732,8213,59,2016-07-01,2016-07-01
733,7337,73,2016-07-01,2016-07-01
734,8451,78,2016-07-01,2016-07-01
735,6902,80,2016-07-01,2016-07-01
736,8814,79,2016-07-01,2016-07-01
737,9605,66,2016-07-01,2016-07-01
738,7074,64,2016-07-01,2016-07-01
739,8622,69,2016-07-01,2016-07-01
740,6510,57,2016-07-01,2016-07-01
741,6016,67,2016-07-01,2016-07-01
742,6793,59,2016-07-01,2016-07-01
743,7514,63,2016-07-01,2016-07-01
744,8532,80,2016-07-01,2016-07-01
745,6560,58,2016-07-01,2016-07-01
746,7235,66,2016-07-01,2016-07-01
747,6538,57,2016-07-01,2016-07-01
748,7137,65,2016-07-01,2016-07-01
749,6721,52,2016-07-01,2016-07-01
750,9766,48,2016-07-01,2016-07-01
751,7597,76,2016-07-01,2016-07-01
752,7600,78,2016-07-01,2016-07-01
753,9911,73,2016-07-01,2016-07-01
754,6435,60,2016-07-01,2016-07-01
755,6369,69,2016-07-01,2016-07-01
756,9939,50,2016-07-01,2016-07-01
757,8693,67,2016-07-01,2016-07-01
758,6957,62,2016-07-01,2016-07-01
759,9742,68,2016-07-01,2016-07-01
760,7447,64,2016-07-01,2016-07-01
761,8157,71,2016-07-01,2016-07-01
762,8158,59,2016-07-01,2016-07-01
763,6867,49,2016-07-01,2016-07-01
764,9940,50,2016-07-01,2016-07-01
765,6038,68,2016-07-01,2016-07-01
766,8098,59,2016-07-01,2016-07-01
767,6479,61,2016-07-01,2016-07-01
768,8736,55,2016-07-01,2016-07-01
769,7448,49,2016-07-01,2016-07-01
770,7890,51,2016-07-01,2016-07-01
771,7923,74,2016-07-01,2016-07-01
772,6017,60,2016-07-01,2016-07-01
773,7691,70,2016-07-01,2016-07-01
774,11503,80,2016-07-01,2016-07-01
775,7075,64,2016-07-01,2016-07-01
776,9977,74,2016-07-01,2016-07-01
777,7515,63,2016-07-01,2016-07-01
778,8534,80,2016-07-01,2016-07-01
779,9753,56,2016-07-01,2016-07-01
780,6123,56,2016-07-01,2016-07-01
781,8374,78,2016-07-01,2016-07-01
782,11504,64,2016-07-01,2016-07-01
783,9667,56,2016-07-01,2016-07-01
784,9934,63,2016-07-01,2016-07-01
785,8295,79,2016-07-01,2016-07-01
786,8464,80,2016-07-01,2016-07-01
787,11660,51,2016-07-01,2016-07-01
788,7299,73,2016-07-01,2016-07-01
789,10051,55,2016-07-01,2016-07-01
790,7523,63,2016-07-01,2016-07-01
791,8490,80,2016-07-01,2016-07-01
792,8072,54,2016-07-01,2016-07-01
793,7801,53,2016-07-01,2016-07-01
794,6545,70,2016-07-01,2016-07-01
795,7842,78,2016-07-01,2016-07-01
796,7142,65,2016-07-01,2016-07-01
797,11309,62,2016-07-01,2016-07-01
798,8794,55,2016-07-01,2016-07-01
799,9826,58,2016-07-01,2016-07-01
800,8612,71,2016-07-01,2016-07-01
801,6786,72,2016-07-01,2016-07-01
802,9862,61,2016-07-01,2016-07-01
803,9827,58,2016-07-01,2016-07-01
804,7632,50,2016-07-01,2016-07-01
805,9843,65,2016-07-01,2016-07-01
806,8567,53,2016-07-01,2016-07-01
807,6539,57,2016-07-01,2016-07-01
808,6616,58,2016-07-01,2016-07-01
809,6351,69,2016-07-01,2016-07-01
810,8694,67,2016-07-01,2016-07-01
811,7205,66,2016-07-01,2016-07-01
812,11624,72,2016-07-01,2016-07-01
813,6487,57,2016-07-01,2016-07-01
814,6617,70,2016-07-01,2016-07-01
815,6352,69,2016-07-01,2016-07-01
816,6921,70,2016-07-01,2016-07-01
817,9792,60,2016-07-01,2016-07-01
818,6918,62,2016-07-01,2016-07-01
819,7569,57,2016-07-01,2016-07-01
820,10035,71,2016-07-01,2016-07-01
821,8276,75,2016-07-01,2016-07-01
822,10089,70,2016-07-01,2016-07-01
823,6528,63,2016-07-01,2016-07-01
824,10001,75,2016-07-01,2016-07-01
825,7380,49,2016-07-01,2016-07-01
826,8353,79,2016-07-01,2016-07-01
827,6380,60,2016-07-01,2016-07-01
828,7134,65,2016-07-01,2016-07-01
829,10052,55,2016-07-01,2016-07-01
830,9698,70,2016-07-01,2016-07-01
831,5941,60,2016-07-01,2016-07-01
832,9978,74,2016-07-01,2016-07-01
833,6751,72,2016-07-01,2016-07-01
834,8522,70,2016-07-01,2016-07-01
835,6712,52,2016-07-01,2016-07-01
836,6696,52,2016-07-01,2016-07-01
837,6893,61,2016-07-01,2016-07-01
838,9572,48,2016-07-01,2016-07-01
839,10061,60,2016-07-01,2016-07-01
840,9966,51,2016-07-01,2016-07-01
841,7027,61,2016-07-01,2016-07-01
842,7197,66,2016-07-01,2016-07-01
843,6713,52,2016-07-01,2016-07-01
844,8437,51,2016-07-01,2016-07-01
845,6488,50,2016-07-01,2016-07-01
846,6193,56,2016-07-01,2016-07-01
847,6882,61,2016-07-01,2016-07-01
848,6220,48,2016-07-01,2016-07-01
849,7557,50,2016-07-01,2016-07-01
850,6194,56,2016-07-01,2016-07-01
851,7206,66,2016-07-01,2016-07-01
852,9957,53,2016-07-01,2016-07-01
853,9949,70,2016-07-01,2016-07-01
854,6540,56,2016-07-01,2016-07-01
855,7468,63,2016-07-01,2016-07-01
856,7381,49,2016-07-01,2016-07-01
857,9923,80,2016-07-01,2016-07-01
858,8240,75,2016-07-01,2016-07-01
859,8296,79,2016-07-01,2016-07-01
860,8060,54,2016-07-01,2016-07-01
861,8507,50,2016-07-01,2016-07-01
862,8508,80,2016-07-01,2016-07-01
863,6344,69,2016-07-01,2016-07-01
864,9828,58,2016-07-01,2016-07-01
865,6345,69,2016-07-01,2016-07-01
866,7174,75,2016-07-01,2016-07-01
867,9877,62,2016-07-01,2016-07-01
868,9930,49,2016-07-01,2016-07-01
869,7093,65,2016-07-01,2016-07-01
870,10054,70,2016-07-01,2016-07-01
871,8438,78,2016-07-01,2016-07-01
872,8523,71,2016-07-01,2016-07-01
873,9853,72,2016-07-01,2016-07-01
874,7981,74,2016-07-01,2016-07-01
875,7293,73,2016-07-01,2016-07-01
876,6120,79,2016-07-01,2016-07-01
877,8264,75,2016-07-01,2016-07-01
878,9896,65,2016-07-01,2016-07-01
879,7003,56,2016-07-01,2016-07-01
880,6231,69,2016-07-01,2016-07-01
881,7734,53,2016-07-01,2016-07-01
882,8465,80,2016-07-01,2016-07-01
883,6203,48,2016-07-01,2016-07-01
884,8087,54,2016-07-01,2016-07-01
885,7339,73,2016-07-01,2016-07-01
886,6388,67,2016-07-01,2016-07-01
887,8640,67,2016-07-01,2016-07-01
888,7236,66,2016-07-01,2016-07-01
889,8481,80,2016-07-01,2016-07-01
890,8327,79,2016-07-01,2016-07-01
891,6794,72,2016-07-01,2016-07-01
892,7843,51,2016-07-01,2016-07-01
893,11578,54,2016-07-01,2016-07-01
894,9967,51,2016-07-01,2016-07-01
895,7255,51,2016-07-01,2016-07-01
896,8554,71,2016-07-01,2016-07-01
897,5994,76,2016-07-01,2016-07-01
898,7340,51,2016-07-01,2016-07-01
899,5979,76,2016-07-01,2016-07-01
900,7016,78,2016-07-01,2016-07-01
901,8363,51,2016-07-01,2016-07-01
902,9878,62,2016-07-01,2016-07-01
903,6039,71,2016-07-01,2016-07-01
904,9994,59,2016-07-01,2016-07-01
905,8235,59,2016-07-01,2016-07-01
906,8014,54,2016-07-01,2016-07-01
907,6018,76,2016-07-01,2016-07-01
908,7153,65,2016-07-01,2016-07-01
909,6973,62,2016-07-01,2016-07-01
910,8028,54,2016-07-01,2016-07-01
911,7382,67,2016-07-01,2016-07-01
912,6529,57,2016-07-01,2016-07-01
913,7874,51,2016-07-01,2016-07-01
914,5980,76,2016-07-01,2016-07-01
915,7525,70,2016-07-01,2016-07-01
916,11658,59,2016-07-01,2016-07-01
917,8080,49,2016-07-01,2016-07-01
918,6573,52,2016-07-01,2016-07-01
919,6353,69,2016-07-01,2016-07-01
920,7965,52,2016-07-01,2016-07-01
921,8658,67,2016-07-01,2016-07-01
922,7441,49,2016-07-01,2016-07-01
923,7442,67,2016-07-01,2016-07-01
924,7430,70,2016-07-01,2016-07-01
925,7626,75,2016-07-01,2016-07-01
926,6703,52,2016-07-01,2016-07-01
927,6173,56,2016-07-01,2016-07-01
928,6437,50,2016-07-01,2016-07-01
929,8647,75,2016-07-01,2016-07-01
930,10002,75,2016-07-01,2016-07-01
931,7633,50,2016-07-01,2016-07-01
932,8715,67,2016-07-01,2016-07-01
933,6556,58,2016-07-01,2016-07-01
934,8601,71,2016-07-01,2016-07-01
935,6209,48,2016-07-01,2016-07-01
936,7360,79,2016-07-01,2016-07-01
937,6796,48,2016-07-01,2016-07-01
938,8151,59,2016-07-01,2016-07-01
939,8334,79,2016-07-01,2016-07-01
940,8602,71,2016-07-01,2016-07-01
941,7175,79,2016-07-01,2016-07-01
942,7992,74,2016-07-01,2016-07-01
943,8542,80,2016-07-01,2016-07-01
944,8403,78,2016-07-01,2016-07-01
945,8629,71,2016-07-01,2016-07-01
946,7898,51,2016-07-01,2016-07-01
947,10022,79,2016-07-01,2016-07-01
948,6650,52,2016-07-01,2016-07-01
949,8447,52,2016-07-01,2016-07-01
950,7971,74,2016-07-01,2016-07-01
951,7993,74,2016-07-01,2016-07-01
952,8335,65,2016-07-01,2016-07-01
953,7918,74,2016-07-01,2016-07-01
954,7300,75,2016-07-01,2016-07-01
955,6278,54,2016-07-01,2016-07-01
956,7066,64,2016-07-01,2016-07-01
957,7465,63,2016-07-01,2016-07-01
958,9743,79,2016-07-01,2016-07-01
959,8149,51,2016-07-01,2016-07-01
960,8543,54,2016-07-01,2016-07-01
961,6449,60,2016-07-01,2016-07-01
962,6819,72,2016-07-01,2016-07-01
963,7154,65,2016-07-01,2016-07-01
964,6438,60,2016-07-01,2016-07-01
965,9807,57,2016-07-01,2016-07-01
966,11661,80,2016-07-01,2016-07-01
967,6159,54,2016-07-01,2016-07-01
968,8336,75,2016-07-01,2016-07-01
969,6607,58,2016-07-01,2016-07-01
970,6284,48,2016-07-01,2016-07-01
971,6182,65,2016-07-01,2016-07-01
972,7067,64,2016-07-01,2016-07-01
973,6389,60,2016-07-01,2016-07-01
974,8286,62,2016-07-01,2016-07-01
975,11549,51,2016-07-01,2016-07-01
976,7909,51,2016-07-01,2016-07-01
977,9886,64,2016-07-01,2016-07-01
978,9732,76,2016-07-01,2016-07-01
979,7372,64,2016-07-01,2016-07-01
980,7237,66,2016-07-01,2016-07-01
981,6797,72,2016-07-01,2016-07-01
982,6397,60,2016-07-01,2016-07-01
983,9983,54,2016-07-01,2016-07-01
984,11510,65,2016-07-01,2016-07-01
985,6618,50,2016-07-01,2016-07-01
986,5995,76,2016-07-01,2016-07-01
987,7431,49,2016-07-01,2016-07-01
988,7422,49,2016-07-01,2016-07-01
989,9697,50,2016-07-01,2016-07-01
990,8180,59,2016-07-01,2016-07-01
991,6450,73,2016-07-01,2016-07-01
992,8160,59,2016-07-01,2016-07-01
993,5957,76,2016-07-01,2016-07-01
994,7108,65,2016-07-01,2016-07-01
995,6931,62,2016-07-01,2016-07-01
996,8439,55,2016-07-01,2016-07-01
997,9755,56,2016-07-01,2016-07-01
998,7084,64,2016-07-01,2016-07-01
999,7782,79,2016-07-01,2016-07-01
1000,7367,49,2016-07-01,2016-07-01
1001,7085,58,2016-07-01,2016-07-01
1002,7983,76,2016-07-01,2016-07-01
1003,8623,70,2016-07-01,2016-07-01
1004,9935,63,2016-07-01,2016-07-01
1005,8704,67,2016-07-01,2016-07-01
1006,8346,79,2016-07-01,2016-07-01
1007,8737,52,2016-07-01,2016-07-01
1008,7078,65,2016-07-01,2016-07-01
1009,9897,65,2016-07-01,2016-07-01
1010,7342,73,2016-07-01,2016-07-01
1011,6174,56,2016-07-01,2016-07-01
1012,8015,78,2016-07-01,2016-07-01
1013,6232,61,2016-07-01,2016-07-01
1014,7017,64,2016-07-01,2016-07-01
1015,7531,63,2016-07-01,2016-07-01
1016,7648,70,2016-07-01,2016-07-01
1017,8797,55,2016-07-01,2016-07-01
1018,8016,67,2016-07-01,2016-07-01
1019,9912,73,2016-07-01,2016-07-01
1020,7924,74,2016-07-01,2016-07-01
1021,8635,58,2016-07-01,2016-07-01
1022,8571,71,2016-07-01,2016-07-01
1023,7266,66,2016-07-01,2016-07-01
1024,9830,58,2016-07-01,2016-07-01
1025,9665,68,2016-07-01,2016-07-01
1026,9744,68,2016-07-01,2016-07-01
1027,6798,72,2016-07-01,2016-07-01
1028,5950,76,2016-07-01,2016-07-01
1029,6932,62,2016-07-01,2016-07-01
1030,8404,78,2016-07-01,2016-07-01
1031,6546,74,2016-07-01,2016-07-01
1032,6632,64,2016-07-01,2016-07-01
1033,7347,73,2016-07-01,2016-07-01
1034,7532,63,2016-07-01,2016-07-01
1035,6294,69,2016-07-01,2016-07-01
1036,9905,66,2016-07-01,2016-07-01
1037,6874,61,2016-07-01,2016-07-01
1038,9913,73,2016-07-01,2016-07-01
1039,5958,76,2016-07-01,2016-07-01
1040,7598,50,2016-07-01,2016-07-01
1041,8161,59,2016-07-01,2016-07-01
1042,6808,72,2016-07-01,2016-07-01
1043,9733,76,2016-07-01,2016-07-01
1044,6361,55,2016-07-01,2016-07-01
1045,9775,69,2016-07-01,2016-07-01
1046,6752,72,2016-07-01,2016-07-01
1047,8277,64,2016-07-01,2016-07-01
1048,6550,57,2016-07-01,2016-07-01
1049,7326,73,2016-07-01,2016-07-01
1050,6715,52,2016-07-01,2016-07-01
1051,9756,51,2016-07-01,2016-07-01
1052,7783,53,2016-07-01,2016-07-01
1053,7239,66,2016-07-01,2016-07-01
1054,9832,58,2016-07-01,2016-07-01
1055,8526,80,2016-07-01,2016-07-01
1056,5996,76,2016-07-01,2016-07-01
1057,9958,53,2016-07-01,2016-07-01
1058,7355,68,2016-07-01,2016-07-01
1059,7926,74,2016-07-01,2016-07-01
1060,6233,48,2016-07-01,2016-07-01
1061,6317,69,2016-07-01,2016-07-01
1062,9757,56,2016-07-01,2016-07-01
1063,9951,70,2016-07-01,2016-07-01
1064,8705,67,2016-07-01,2016-07-01
1065,6619,58,2016-07-01,2016-07-01
1066,7972,49,2016-07-01,2016-07-01
1067,6175,56,2016-07-01,2016-07-01
1068,7301,73,2016-07-01,2016-07-01
1069,6740,64,2016-07-01,2016-07-01
1070,8785,58,2016-07-01,2016-07-01
1071,8241,75,2016-07-01,2016-07-01
1072,5933,76,2016-07-01,2016-07-01
1073,6976,67,2016-07-01,2016-07-01
1074,7384,49,2016-07-01,2016-07-01
1075,7356,73,2016-07-01,2016-07-01
1076,8092,58,2016-07-01,2016-07-01
1077,9855,72,2016-07-01,2016-07-01
1078,7138,65,2016-07-01,2016-07-01
1079,7477,63,2016-07-01,2016-07-01
1080,8391,78,2016-07-01,2016-07-01
1081,8758,55,2016-07-01,2016-07-01
1082,8759,60,2016-07-01,2016-07-01
1083,7432,49,2016-07-01,2016-07-01
1084,9833,58,2016-07-01,2016-07-01
1085,8471,49,2016-07-01,2016-07-01
1086,9968,51,2016-07-01,2016-07-01
1087,6472,57,2016-07-01,2016-07-01
1088,6515,57,2016-07-01,2016-07-01
1089,9856,72,2016-07-01,2016-07-01
1090,6963,62,2016-07-01,2016-07-01
1091,6977,62,2016-07-01,2016-07-01
1092,6937,62,2016-07-01,2016-07-01
1093,9745,68,2016-07-01,2016-07-01
1094,9959,53,2016-07-01,2016-07-01
1095,6130,56,2016-07-01,2016-07-01
1096,6978,62,2016-07-01,2016-07-01
1097,8255,75,2016-07-01,2016-07-01
1098,7526,64,2016-07-01,2016-07-01
1099,5985,76,2016-07-01,2016-07-01
1100,7348,73,2016-07-01,2016-07-01
1101,7466,63,2016-07-01,2016-07-01
1102,6007,76,2016-07-01,2016-07-01
1103,7828,51,2016-07-01,2016-07-01
1104,8272,75,2016-07-01,2016-07-01
1105,7900,55,2016-07-01,2016-07-01
1106,8217,70,2016-07-01,2016-07-01
1107,7424,49,2016-07-01,2016-07-01
1108,8242,75,2016-07-01,2016-07-01
1109,9758,56,2016-07-01,2016-07-01
1110,8348,79,2016-07-01,2016-07-01
1111,7784,53,2016-07-01,2016-07-01
1112,8364,53,2016-07-01,2016-07-01
1113,6137,56,2016-07-01,2016-07-01
1114,11194,49,2016-07-01,2016-07-01
1115,7086,64,2016-07-01,2016-07-01
1116,7327,73,2016-07-01,2016-07-01
1117,9746,68,2016-07-01,2016-07-01
1118,10099,79,2016-07-01,2016-07-01
1119,6451,60,2016-07-01,2016-07-01
1120,7244,66,2016-07-01,2016-07-01
1121,7831,51,2016-07-01,2016-07-01
1122,6269,48,2016-07-01,2016-07-01
1123,10025,79,2016-07-01,2016-07-01
1124,7846,48,2016-07-01,2016-07-01
1125,6008,56,2016-07-01,2016-07-01
1126,6634,58,2016-07-01,2016-07-01
1127,6908,61,2016-07-01,2016-07-01
1128,9845,52,2016-07-01,2016-07-01
1129,7534,63,2016-07-01,2016-07-01
1130,7010,64,2016-07-01,2016-07-01
1131,8088,60,2016-07-01,2016-07-01
1132,10026,79,2016-07-01,2016-07-01
1133,7484,60,2016-07-01,2016-07-01
1134,7910,51,2016-07-01,2016-07-01
1135,6575,58,2016-07-01,2016-07-01
1136,6620,66,2016-07-01,2016-07-01
1137,8427,78,2016-07-01,2016-07-01
1138,8482,80,2016-07-01,2016-07-01
1139,6905,61,2016-07-01,2016-07-01
1140,8509,80,2016-07-01,2016-07-01
1141,8555,53,2016-07-01,2016-07-01
1142,6286,49,2016-07-01,2016-07-01
1143,9906,66,2016-07-01,2016-07-01
1144,6995,62,2016-07-01,2016-07-01
1145,9693,80,2016-07-01,2016-07-01
1146,9701,70,2016-07-01,2016-07-01
1147,8287,79,2016-07-01,2016-07-01
1148,6781,72,2016-07-01,2016-07-01
1149,11501,72,2016-07-01,2016-07-01
1150,9887,64,2016-07-01,2016-07-01
1151,8448,78,2016-07-01,2016-07-01
1152,9578,78,2016-07-01,2016-07-01
1153,7927,79,2016-07-01,2016-07-01
1154,6088,68,2016-07-01,2016-07-01
1155,10027,79,2016-07-01,2016-07-01
1156,8760,55,2016-07-01,2016-07-01
1157,11615,67,2016-07-01,2016-07-01
1158,9626,75,2016-07-01,2016-07-01
1159,6877,75,2016-07-01,2016-07-01
1160,8455,78,2016-07-01,2016-07-01
1161,7894,49,2016-07-01,2016-07-01
1162,7901,51,2016-07-01,2016-07-01
1163,6531,57,2016-07-01,2016-07-01
1164,8237,73,2016-07-01,2016-07-01
1165,8472,80,2016-07-01,2016-07-01
1166,8089,58,2016-07-01,2016-07-01
1167,7245,68,2016-07-01,2016-07-01
1168,7535,63,2016-07-01,2016-07-01
1169,8081,64,2016-07-01,2016-07-01
1170,9979,74,2016-07-01,2016-07-01
1171,7637,50,2016-07-01,2016-07-01
1172,7832,59,2016-07-01,2016-07-01
1173,8301,79,2016-07-01,2016-07-01
1174,7879,51,2016-07-01,2016-07-01
1175,5982,76,2016-07-01,2016-07-01
1176,6829,61,2016-07-01,2016-07-01
1177,9898,65,2016-07-01,2016-07-01
1178,7833,68,2016-07-01,2016-07-01
1179,8716,67,2016-07-01,2016-07-01
1180,8799,74,2016-07-01,2016-07-01
1181,6966,62,2016-07-01,2016-07-01
1182,6922,62,2016-07-01,2016-07-01
1183,7943,74,2016-07-01,2016-07-01
1184,8190,75,2016-07-01,2016-07-01
1185,6532,57,2016-07-01,2016-07-01
1186,8533,48,2016-07-01,2016-07-01
1187,8751,61,2016-07-01,2016-07-01
1188,7627,51,2016-07-01,2016-07-01
1189,9942,50,2016-07-01,2016-07-01
1190,7936,74,2016-07-01,2016-07-01
1191,6622,70,2016-07-01,2016-07-01
1192,6279,48,2016-07-01,2016-07-01
1193,6131,68,2016-07-01,2016-07-01
1194,7198,66,2016-07-01,2016-07-01
1195,9863,61,2016-07-01,2016-07-01
1196,9914,73,2016-07-01,2016-07-01
1197,7188,66,2016-07-01,2016-07-01
1198,7527,63,2016-07-01,2016-07-01
1199,7536,71,2016-07-01,2016-07-01
1200,8800,53,2016-07-01,2016-07-01
1201,7649,51,2016-07-01,2016-07-01
1202,7246,66,2016-07-01,2016-07-01
1203,8265,65,2016-07-01,2016-07-01
1204,10011,78,2016-07-01,2016-07-01
1205,7509,63,2016-07-01,2016-07-01
1206,6809,72,2016-07-01,2016-07-01
1207,6914,62,2016-07-01,2016-07-01
1208,6382,71,2016-07-01,2016-07-01
1209,6939,62,2016-07-01,2016-07-01
1210,7811,53,2016-07-01,2016-07-01
1211,8100,59,2016-07-01,2016-07-01
1212,9899,65,2016-07-01,2016-07-01
1213,8115,59,2016-07-01,2016-07-01
1214,6987,62,2016-07-01,2016-07-01
1215,6645,52,2016-07-01,2016-07-01
1216,6842,76,2016-07-01,2016-07-01
1217,8752,55,2016-07-01,2016-07-01
1218,8090,50,2016-07-01,2016-07-01
1219,6391,60,2016-07-01,2016-07-01
1220,8337,79,2016-07-01,2016-07-01
1221,5983,76,2016-07-01,2016-07-01
1222,7485,63,2016-07-01,2016-07-01
1223,9915,57,2016-07-01,2016-07-01
1224,6699,71,2016-07-01,2016-07-01
1225,6979,62,2016-07-01,2016-07-01
1226,7628,50,2016-07-01,2016-07-01
1227,6025,68,2016-07-01,2016-07-01
1228,6843,48,2016-07-01,2016-07-01
1229,7265,66,2016-07-01,2016-07-01
1230,8011,52,2016-07-01,2016-07-01
1231,9776,69,2016-07-01,2016-07-01
1232,6756,72,2016-07-01,2016-07-01
1233,7726,70,2016-07-01,2016-07-01
1234,7361,73,2016-07-01,2016-07-01
1235,6483,68,2016-07-01,2016-07-01
1236,7004,64,2016-07-01,2016-07-01
1237,6724,52,2016-07-01,2016-07-01
1238,9888,64,2016-07-01,2016-07-01
1239,6117,68,2016-07-01,2016-07-01
1240,9834,58,2016-07-01,2016-07-01
1241,8725,67,2016-07-01,2016-07-01
1242,8572,51,2016-07-01,2016-07-01
1243,7543,63,2016-07-01,2016-07-01
1244,8718,53,2016-07-01,2016-07-01
1245,9768,48,2016-07-01,2016-07-01
1246,9587,59,2016-07-01,2016-07-01
1247,10045,67,2016-07-01,2016-07-01
1248,6542,57,2016-07-01,2016-07-01
1249,8162,59,2016-07-01,2016-07-01
1250,8354,79,2016-07-01,2016-07-01
1251,7606,50,2016-07-01,2016-07-01
1252,7415,68,2016-07-01,2016-07-01
1253,6600,58,2016-07-01,2016-07-01
1254,8569,71,2016-07-01,2016-07-01
1255,9960,53,2016-07-01,2016-07-01
1256,8082,78,2016-07-01,2016-07-01
1257,7433,53,2016-07-01,2016-07-01
1258,7537,63,2016-07-01,2016-07-01
1259,7279,73,2016-07-01,2016-07-01
1260,8355,79,2016-07-01,2016-07-01
1261,6988,62,2016-07-01,2016-07-01
1262,6347,69,2016-07-01,2016-07-01
1263,7019,71,2016-07-01,2016-07-01
1264,6741,72,2016-07-01,2016-07-01
1265,7601,71,2016-07-01,2016-07-01
1266,9857,72,2016-07-01,2016-07-01
1267,7880,51,2016-07-01,2016-07-01
1268,7069,64,2016-07-01,2016-07-01
1269,8356,76,2016-07-01,2016-07-01
1270,8556,71,2016-07-01,2016-07-01
1271,7392,49,2016-07-01,2016-07-01
1272,8510,80,2016-07-01,2016-07-01
1273,10046,67,2016-07-01,2016-07-01
1274,6517,57,2016-07-01,2016-07-01
1275,8927,53,2016-07-01,2016-07-01
1276,8440,78,2016-07-01,2016-07-01
1277,7902,51,2016-07-01,2016-07-01
1278,7247,66,2016-07-01,2016-07-01
1279,7571,50,2016-07-01,2016-07-01
1280,6897,61,2016-07-01,2016-07-01
1281,9710,54,2016-07-01,2016-07-01
1282,8393,78,2016-07-01,2016-07-01
1283,8441,74,2016-07-01,2016-07-01
1284,7274,73,2016-07-01,2016-07-01
1285,6029,71,2016-07-01,2016-07-01
1286,6782,64,2016-07-01,2016-07-01
1287,7231,66,2016-07-01,2016-07-01
1288,9985,54,2016-07-01,2016-07-01
1289,6176,71,2016-07-01,2016-07-01
1290,6548,57,2016-07-01,2016-07-01
1291,7848,51,2016-07-01,2016-07-01
1292,8429,79,2016-07-01,2016-07-01
1293,7829,51,2016-07-01,2016-07-01
1294,7544,63,2016-07-01,2016-07-01
1295,8595,71,2016-07-01,2016-07-01
1296,9018,52,2016-07-01,2016-07-01
1297,7944,74,2016-07-01,2016-07-01
1298,7984,74,2016-07-01,2016-07-01
1299,8075,54,2016-07-01,2016-07-01
1300,8801,55,2016-07-01,2016-07-01
1301,8288,52,2016-07-01,2016-07-01
1302,7349,74,2016-07-01,2016-07-01
1303,7248,66,2016-07-01,2016-07-01
1304,10176,73,2016-07-01,2016-07-01
1305,8394,78,2016-07-01,2016-07-01
1306,6160,56,2016-07-01,2016-07-01
1307,6132,56,2016-07-01,2016-07-01
1308,7665,70,2016-07-01,2016-07-01
1309,6081,69,2016-07-01,2016-07-01
1310,7357,73,2016-07-01,2016-07-01
1311,8802,55,2016-07-01,2016-07-01
1312,8604,71,2016-07-01,2016-07-01
1313,8163,67,2016-07-01,2016-07-01
1314,8875,48,2016-07-01,2016-07-01
1315,7650,51,2016-07-01,2016-07-01
1316,8017,54,2016-07-01,2016-07-01
1317,8243,75,2016-07-01,2016-07-01
1318,8726,67,2016-07-01,2016-07-01
1319,6825,61,2016-07-01,2016-07-01
1320,6885,51,2016-07-01,2016-07-01
1321,5935,76,2016-07-01,2016-07-01
1322,8707,67,2016-07-01,2016-07-01
1323,6920,62,2016-07-01,2016-07-01
1324,7517,63,2016-07-01,2016-07-01
1325,7199,66,2016-07-01,2016-07-01
1326,6746,72,2016-07-01,2016-07-01
1327,6298,69,2016-07-01,2016-07-01
1328,6518,64,2016-07-01,2016-07-01
1329,7386,49,2016-07-01,2016-07-01
1330,5984,76,2016-07-01,2016-07-01
1331,8573,71,2016-07-01,2016-07-01
1332,7937,78,2016-07-01,2016-07-01
1333,6665,65,2016-07-01,2016-07-01
1334,7020,64,2016-07-01,2016-07-01
1335,8273,75,2016-07-01,2016-07-01
1336,6092,70,2016-07-01,2016-07-01
1337,7453,54,2016-07-01,2016-07-01
1338,8728,67,2016-07-01,2016-07-01
1339,6177,56,2016-07-01,2016-07-01
1340,7425,49,2016-07-01,2016-07-01
1341,7727,78,2016-07-01,2016-07-01
1342,8667,67,2016-07-01,2016-07-01
1343,6428,60,2016-07-01,2016-07-01
1344,6671,52,2016-07-01,2016-07-01
1345,8630,76,2016-07-01,2016-07-01
1346,7115,65,2016-07-01,2016-07-01
1347,6121,56,2016-07-01,2016-07-01
1348,6810,72,2016-07-01,2016-07-01
1349,6049,68,2016-07-01,2016-07-01
1350,8631,71,2016-07-01,2016-07-01
1351,7368,49,2016-07-01,2016-07-01
1352,6868,70,2016-07-01,2016-07-01
1353,8456,78,2016-07-01,2016-07-01
1354,6484,48,2016-07-01,2016-07-01
1355,6844,61,2016-07-01,2016-07-01
1356,6869,61,2016-07-01,2016-07-01
1357,7444,58,2016-07-01,2016-07-01
1358,9611,72,2016-07-01,2016-07-01
1359,5942,76,2016-07-01,2016-07-01
1360,6205,48,2016-07-01,2016-07-01
1361,6584,58,2016-07-01,2016-07-01
1362,8256,75,2016-07-01,2016-07-01
1363,8366,79,2016-07-01,2016-07-01
1364,6110,68,2016-07-01,2016-07-01
1365,7478,63,2016-07-01,2016-07-01
1366,8147,80,2016-07-01,2016-07-01
1367,7280,73,2016-07-01,2016-07-01
1368,6757,72,2016-07-01,2016-07-01
1369,8367,79,2016-07-01,2016-07-01
1370,6980,62,2016-07-01,2016-07-01
1371,9013,52,2016-07-01,2016-07-01
1372,7207,66,2016-07-01,2016-07-01
1373,9970,51,2016-07-01,2016-07-01
1374,7450,49,2016-07-01,2016-07-01
1375,9952,70,2016-07-01,2016-07-01
1376,9926,80,2016-07-01,2016-07-01
1377,8786,53,2016-07-01,2016-07-01
1378,8181,59,2016-07-01,2016-07-01
1379,8739,55,2016-07-01,2016-07-01
1380,9704,53,2016-07-01,2016-07-01
1381,6223,60,2016-07-01,2016-07-01
1382,6747,72,2016-07-01,2016-07-01
1383,7820,53,2016-07-01,2016-07-01
1384,7258,66,2016-07-01,2016-07-01
1385,9900,65,2016-07-01,2016-07-01
1386,6356,69,2016-07-01,2016-07-01
1387,8057,52,2016-07-01,2016-07-01
1388,6965,61,2016-07-01,2016-07-01
1389,7994,79,2016-07-01,2016-07-01
1390,9616,68,2016-07-01,2016-07-01
1391,8164,59,2016-07-01,2016-07-01
1392,6439,60,2016-07-01,2016-07-01
1393,6299,65,2016-07-01,2016-07-01
1394,6050,68,2016-07-01,2016-07-01
1395,6301,69,2016-07-01,2016-07-01
1396,7169,55,2016-07-01,2016-07-01
1397,6915,65,2016-07-01,2016-07-01
1398,8034,51,2016-07-01,2016-07-01
1399,8527,75,2016-07-01,2016-07-01
1400,6122,59,2016-07-01,2016-07-01
1401,7037,55,2016-07-01,2016-07-01
1402,7510,63,2016-07-01,2016-07-01
1403,9916,73,2016-07-01,2016-07-01
1404,6196,74,2016-07-01,2016-07-01
1405,9936,63,2016-07-01,2016-07-01
1406,10175,54,2016-07-01,2016-07-01
1407,6800,60,2016-07-01,2016-07-01
1408,7434,62,2016-07-01,2016-07-01
1409,6100,68,2016-07-01,2016-07-01
1410,6198,56,2016-07-01,2016-07-01
1411,8146,59,2016-07-01,2016-07-01
1412,8291,79,2016-07-01,2016-07-01
1413,6886,54,2016-07-01,2016-07-01
1414,8289,65,2016-07-01,2016-07-01
1415,9986,54,2016-07-01,2016-07-01
1416,7744,53,2016-07-01,2016-07-01
1417,8244,60,2016-07-01,2016-07-01
1418,6178,68,2016-07-01,2016-07-01
1419,6163,56,2016-07-01,2016-07-01
1420,6491,57,2016-07-01,2016-07-01
1421,7728,70,2016-07-01,2016-07-01
1422,9987,54,2016-07-01,2016-07-01
1423,9944,50,2016-07-01,2016-07-01
1424,9737,76,2016-07-01,2016-07-01
1425,9720,79,2016-07-01,2016-07-01
1426,6887,50,2016-07-01,2016-07-01
1427,7741,53,2016-07-01,2016-07-01
1428,8624,71,2016-07-01,2016-07-01
1429,7416,53,2016-07-01,2016-07-01
1430,8267,75,2016-07-01,2016-07-01
1431,9812,57,2016-07-01,2016-07-01
1432,7435,49,2016-07-01,2016-07-01
1433,7177,65,2016-07-01,2016-07-01
1434,11377,58,2016-07-01,2016-07-01
1435,7813,53,2016-07-01,2016-07-01
1436,8350,79,2016-07-01,2016-07-01
1437,7417,49,2016-07-01,2016-07-01
1438,7159,65,2016-07-01,2016-07-01
1439,7945,74,2016-07-01,2016-07-01
1440,6167,48,2016-07-01,2016-07-01
1441,8668,67,2016-07-01,2016-07-01
1442,6870,61,2016-07-01,2016-07-01
1443,10048,67,2016-07-01,2016-07-01
1444,7479,56,2016-07-01,2016-07-01
1445,6133,56,2016-07-01,2016-07-01
1446,7545,63,2016-07-01,2016-07-01
1447,7200,66,2016-07-01,2016-07-01
1448,8148,59,2016-07-01,2016-07-01
1449,10038,71,2016-07-01,2016-07-01
1450,9980,74,2016-07-01,2016-07-01
1451,8457,78,2016-07-01,2016-07-01
1452,6031,68,2016-07-01,2016-07-01
1453,6817,72,2016-07-01,2016-07-01
1454,6802,72,2016-07-01,2016-07-01
1455,7281,73,2016-07-01,2016-07-01
1456,8332,49,2016-07-01,2016-07-01
1457,9769,48,2016-07-01,2016-07-01
1458,6422,60,2016-07-01,2016-07-01
1459,9981,74,2016-07-01,2016-07-01
1460,9864,61,2016-07-01,2016-07-01
1461,7201,66,2016-07-01,2016-07-01
1462,8084,54,2016-07-01,2016-07-01
1463,6224,48,2016-07-01,2016-07-01
1464,7619,72,2016-07-01,2016-07-01
1465,6473,54,2016-07-01,2016-07-01
1466,7051,64,2016-07-01,2016-07-01
1467,7539,63,2016-07-01,2016-07-01
1468,11659,63,2016-07-01,2016-07-01
1469,6001,68,2016-07-01,2016-07-01
1470,8173,70,2016-07-01,2016-07-01
1471,6295,69,2016-07-01,2016-07-01
1472,6185,56,2016-07-01,2016-07-01
1473,6811,72,2016-07-01,2016-07-01
1474,6871,69,2016-07-01,2016-07-01
1475,8274,56,2016-07-01,2016-07-01
1476,6042,68,2016-07-01,2016-07-01
1477,9712,54,2016-07-01,2016-07-01
1478,7282,73,2016-07-01,2016-07-01
1479,6562,56,2016-07-01,2016-07-01
1480,8515,80,2016-07-01,2016-07-01
1481,7110,75,2016-07-01,2016-07-01
1482,8116,59,2016-07-01,2016-07-01
1483,7436,68,2016-07-01,2016-07-01
1484,6728,48,2016-07-01,2016-07-01
1485,9917,73,2016-07-01,2016-07-01
1486,7558,50,2016-07-01,2016-07-01
1487,6393,60,2016-07-01,2016-07-01
1488,9059,52,2016-07-01,2016-07-01
1489,6888,61,2016-07-01,2016-07-01
1490,8643,58,2016-07-01,2016-07-01
1491,6636,55,2016-07-01,2016-07-01
1492,6300,69,2016-07-01,2016-07-01
1493,9865,61,2016-07-01,2016-07-01
1494,6717,52,2016-07-01,2016-07-01
1495,6733,52,2016-07-01,2016-07-01
1496,9749,51,2016-07-01,2016-07-01
1497,9598,76,2016-07-01,2016-07-01
1498,7057,64,2016-07-01,2016-07-01
1499,8442,78,2016-07-01,2016-07-01
1500,7884,51,2016-07-01,2016-07-01
1501,6287,48,2016-07-01,2016-07-01
1502,7742,75,2016-07-01,2016-07-01
1503,9866,61,2016-07-01,2016-07-01
1504,9738,76,2016-07-01,2016-07-01
1505,6168,56,2016-07-01,2016-07-01
1506,6318,79,2016-07-01,2016-07-01
1507,7373,49,2016-07-01,2016-07-01
1508,7973,74,2016-07-01,2016-07-01
1509,8106,59,2016-07-01,2016-07-01
1510,6520,57,2016-07-01,2016-07-01
1511,6288,48,2016-07-01,2016-07-01
1512,9901,65,2016-07-01,2016-07-01
1513,9671,48,2016-07-01,2016-07-01
1514,8303,79,2016-07-01,2016-07-01
1515,5943,76,2016-07-01,2016-07-01
1516,6262,48,2016-07-01,2016-07-01
1517,7876,51,2016-07-01,2016-07-01
1518,7904,51,2016-07-01,2016-07-01
1519,6254,49,2016-07-01,2016-07-01
1520,6140,56,2016-07-01,2016-07-01
1521,7329,49,2016-07-01,2016-07-01
1522,6044,68,2016-07-01,2016-07-01
1523,7720,70,2016-07-01,2016-07-01
1524,6549,57,2016-07-01,2016-07-01
1525,6788,72,2016-07-01,2016-07-01
1526,6364,69,2016-07-01,2016-07-01
1527,6667,52,2016-07-01,2016-07-01
1528,6638,58,2016-07-01,2016-07-01
1529,8208,75,2016-07-01,2016-07-01
1530,8165,59,2016-07-01,2016-07-01
1531,11577,64,2016-07-01,2016-07-01
1532,5987,76,2016-07-01,2016-07-01
1533,8710,67,2016-07-01,2016-07-01
1534,8308,79,2016-07-01,2016-07-01
1535,7296,73,2016-07-01,2016-07-01
1536,7968,60,2016-07-01,2016-07-01
1537,6718,52,2016-07-01,2016-07-01
1538,9907,66,2016-07-01,2016-07-01
1539,6394,60,2016-07-01,2016-07-01
1540,7343,73,2016-07-01,2016-07-01
1541,8283,79,2016-07-01,2016-07-01
1542,7635,61,2016-07-01,2016-07-01
1543,6611,72,2016-07-01,2016-07-01
1544,8550,71,2016-07-01,2016-07-01
1545,6672,52,2016-07-01,2016-07-01
1546,6784,72,2016-07-01,2016-07-01
1547,9577,66,2016-07-01,2016-07-01
1548,8198,75,2016-07-01,2016-07-01
1549,8696,67,2016-07-01,2016-07-01
1550,11656,67,2016-07-01,2016-07-01
1551,6225,48,2016-07-01,2016-07-01
1552,8711,67,2016-07-01,2016-07-01
1553,9780,69,2016-07-01,2016-07-01
1554,6093,68,2016-07-01,2016-07-01
1555,7323,48,2016-07-01,2016-07-01
1556,6878,58,2016-07-01,2016-07-01
1557,6485,57,2016-07-01,2016-07-01
1558,7480,63,2016-07-01,2016-07-01
1559,8663,67,2016-07-01,2016-07-01
1560,8351,79,2016-07-01,2016-07-01
1561,8633,71,2016-07-01,2016-07-01
1562,9835,76,2016-07-01,2016-07-01
1563,8449,56,2016-07-01,2016-07-01
1564,6612,58,2016-07-01,2016-07-01
1565,7787,53,2016-07-01,2016-07-01
1566,6577,66,2016-07-01,2016-07-01
1567,7189,66,2016-07-01,2016-07-01
1568,6365,69,2016-07-01,2016-07-01
1569,9762,56,2016-07-01,2016-07-01
1570,6423,60,2016-07-01,2016-07-01
1571,6831,61,2016-07-01,2016-07-01
1572,9867,61,2016-07-01,2016-07-01
1573,7344,73,2016-07-01,2016-07-01
1574,8544,80,2016-07-01,2016-07-01